phase,layer,expert,samples,load_mean,load_std,cycles_mean,cycles_std,cycles_per_token_mean,cycles_per_token_std,cycles_per_token_min,cycles_per_token_max,cycles_per_token_cv
prefill,0,0,1,25.0,,104932100.0,,4197284.0,,4197284.0,4197284.0,
prefill,0,1,1,5.0,,21162458.0,,4232491.6,,4232491.6,4232491.6,
prefill,0,2,1,16.0,,67134741.0,,4195921.3125,,4195921.3125,4195921.3125,
prefill,0,3,1,16.0,,67034896.0,,4189681.0,,4189681.0,4189681.0,
prefill,0,4,1,20.0,,84501334.0,,4225066.7,,4225066.7,4225066.7,
prefill,0,5,1,9.0,,37817450.0,,4201938.888888889,,4201938.888888889,4201938.888888889,
prefill,0,6,1,16.0,,67079139.0,,4192446.1875,,4192446.1875,4192446.1875,
prefill,0,7,1,23.0,,96566108.0,,4198526.434782608,,4198526.434782608,4198526.434782608,
prefill,0,8,1,10.0,,42345631.0,,4234563.1,,4234563.1,4234563.1,
prefill,0,9,1,6.0,,25408822.0,,4234803.666666667,,4234803.666666667,4234803.666666667,
prefill,0,10,1,6.0,,25180429.0,,4196738.166666667,,4196738.166666667,4196738.166666667,
prefill,0,11,1,11.0,,46340919.0,,4212810.818181818,,4212810.818181818,4212810.818181818,
prefill,0,12,1,9.0,,37775502.0,,4197278.0,,4197278.0,4197278.0,
prefill,0,13,1,11.0,,47346614.0,,4304237.636363637,,4304237.636363637,4304237.636363637,
prefill,0,14,1,16.0,,67284270.0,,4205266.875,,4205266.875,4205266.875,
prefill,0,15,1,5.0,,21746544.0,,4349308.8,,4349308.8,4349308.8,
prefill,0,16,1,25.0,,104186354.0,,4167454.16,,4167454.16,4167454.16,
prefill,0,17,1,14.0,,58535628.0,,4181116.285714286,,4181116.285714286,4181116.285714286,
prefill,0,18,1,5.0,,21090106.0,,4218021.2,,4218021.2,4218021.2,
prefill,0,19,1,14.0,,59306029.0,,4236144.928571428,,4236144.928571428,4236144.928571428,
prefill,0,20,1,9.0,,38281751.0,,4253527.888888889,,4253527.888888889,4253527.888888889,
prefill,0,21,1,26.0,,110667341.0,,4256436.192307692,,4256436.192307692,4256436.192307692,
prefill,0,22,1,13.0,,55130542.0,,4240810.923076923,,4240810.923076923,4240810.923076923,
prefill,0,23,1,12.0,,50715008.0,,4226250.666666667,,4226250.666666667,4226250.666666667,
prefill,0,24,1,7.0,,29699555.0,,4242793.571428572,,4242793.571428572,4242793.571428572,
prefill,0,25,1,22.0,,93853668.0,,4266075.818181818,,4266075.818181818,4266075.818181818,
prefill,0,26,1,12.0,,50759575.0,,4229964.583333333,,4229964.583333333,4229964.583333333,
prefill,0,27,1,12.0,,50640081.0,,4220006.75,,4220006.75,4220006.75,
prefill,0,28,1,13.0,,54538043.0,,4195234.076923077,,4195234.076923077,4195234.076923077,
prefill,0,29,1,14.0,,58401913.0,,4171565.214285714,,4171565.214285714,4171565.214285714,
prefill,0,30,1,18.0,,75533757.0,,4196319.833333333,,4196319.833333333,4196319.833333333,
prefill,0,31,1,36.0,,150592333.0,,4183120.361111111,,4183120.361111111,4183120.361111111,
prefill,1,1,1,42.0,,176442527.0,,4201012.547619048,,4201012.547619048,4201012.547619048,
prefill,1,2,1,5.0,,21191331.0,,4238266.2,,4238266.2,4238266.2,
prefill,1,3,1,27.0,,113832854.0,,4216031.62962963,,4216031.62962963,4216031.62962963,
prefill,1,4,1,10.0,,42102510.0,,4210251.0,,4210251.0,4210251.0,
prefill,1,6,1,12.0,,50384097.0,,4198674.75,,4198674.75,4198674.75,
prefill,1,8,1,57.0,,241289389.0,,4233147.175438597,,4233147.175438597,4233147.175438597,
prefill,1,9,1,1.0,,4713309.0,,4713309.0,,4713309.0,4713309.0,
prefill,1,11,1,1.0,,4680600.0,,4680600.0,,4680600.0,4680600.0,
prefill,1,13,1,57.0,,241099775.0,,4229820.614035088,,4229820.614035088,4229820.614035088,
prefill,1,14,1,26.0,,109947351.0,,4228744.269230769,,4228744.269230769,4228744.269230769,
prefill,1,15,1,1.0,,4625660.0,,4625660.0,,4625660.0,4625660.0,
prefill,1,17,1,1.0,,4703568.0,,4703568.0,,4703568.0,4703568.0,
prefill,1,18,1,2.0,,8737408.0,,4368704.0,,4368704.0,4368704.0,
prefill,1,19,1,57.0,,241049873.0,,4228945.140350877,,4228945.140350877,4228945.140350877,
prefill,1,20,1,23.0,,96928685.0,,4214290.652173913,,4214290.652173913,4214290.652173913,
prefill,1,21,1,11.0,,46690280.0,,4244570.909090909,,4244570.909090909,4244570.909090909,
prefill,1,22,1,1.0,,4905026.0,,4905026.0,,4905026.0,4905026.0,
prefill,1,23,1,21.0,,89077638.0,,4241792.285714285,,4241792.285714285,4241792.285714285,
prefill,1,24,1,2.0,,8619089.0,,4309544.5,,4309544.5,4309544.5,
prefill,1,25,1,29.0,,122559472.0,,4226188.689655173,,4226188.689655173,4226188.689655173,
prefill,1,26,1,5.0,,21134806.0,,4226961.2,,4226961.2,4226961.2,
prefill,1,27,1,2.0,,8633843.0,,4316921.5,,4316921.5,4316921.5,
prefill,1,28,1,7.0,,29948641.0,,4278377.285714285,,4278377.285714285,4278377.285714285,
prefill,1,29,1,15.0,,63066580.0,,4204438.666666667,,4204438.666666667,4204438.666666667,
prefill,1,30,1,23.0,,96889090.0,,4212569.130434782,,4212569.130434782,4212569.130434782,
prefill,1,31,1,18.0,,75401573.0,,4188976.277777778,,4188976.277777778,4188976.277777778,
prefill,2,0,1,11.0,,46776815.0,,4252437.7272727275,,4252437.7272727275,4252437.7272727275,
prefill,2,1,1,37.0,,154694616.0,,4180935.5675675673,,4180935.5675675673,4180935.5675675673,
prefill,2,2,1,3.0,,12680054.0,,4226684.666666667,,4226684.666666667,4226684.666666667,
prefill,2,3,1,1.0,,4638761.0,,4638761.0,,4638761.0,4638761.0,
prefill,2,4,1,6.0,,25079675.0,,4179945.8333333335,,4179945.8333333335,4179945.8333333335,
prefill,2,5,1,47.0,,195531366.0,,4160241.829787234,,4160241.829787234,4160241.829787234,
prefill,2,6,1,3.0,,12747314.0,,4249104.666666667,,4249104.666666667,4249104.666666667,
prefill,2,7,1,1.0,,4708914.0,,4708914.0,,4708914.0,4708914.0,
prefill,2,8,1,10.0,,42142911.0,,4214291.1,,4214291.1,4214291.1,
prefill,2,9,1,6.0,,25315038.0,,4219173.0,,4219173.0,4219173.0,
prefill,2,11,1,6.0,,25331570.0,,4221928.333333333,,4221928.333333333,4221928.333333333,
prefill,2,12,1,6.0,,25216209.0,,4202701.5,,4202701.5,4202701.5,
prefill,2,13,1,1.0,,4622894.0,,4622894.0,,4622894.0,4622894.0,
prefill,2,14,1,2.0,,8654449.0,,4327224.5,,4327224.5,4327224.5,
prefill,2,15,1,4.0,,16970415.0,,4242603.75,,4242603.75,4242603.75,
prefill,2,17,1,10.0,,42447050.0,,4244705.0,,4244705.0,4244705.0,
prefill,2,18,1,33.0,,139948370.0,,4240859.696969697,,4240859.696969697,4240859.696969697,
prefill,2,19,1,1.0,,4614125.0,,4614125.0,,4614125.0,4614125.0,
prefill,2,20,1,9.0,,37993570.0,,4221507.777777778,,4221507.777777778,4221507.777777778,
prefill,2,22,1,25.0,,106136540.0,,4245461.6,,4245461.6,4245461.6,
prefill,2,23,1,10.0,,42381192.0,,4238119.2,,4238119.2,4238119.2,
prefill,2,24,1,57.0,,240033054.0,,4211106.2105263155,,4211106.2105263155,4211106.2105263155,
prefill,2,25,1,4.0,,17036653.0,,4259163.25,,4259163.25,4259163.25,
prefill,2,26,1,57.0,,238709004.0,,4187877.263157895,,4187877.263157895,4187877.263157895,
prefill,2,27,1,14.0,,58696152.0,,4192582.285714286,,4192582.285714286,4192582.285714286,
prefill,2,28,1,44.0,,185638356.0,,4219053.545454546,,4219053.545454546,4219053.545454546,
prefill,2,29,1,3.0,,13007783.0,,4335927.666666667,,4335927.666666667,4335927.666666667,
prefill,2,30,1,26.0,,111139012.0,,4274577.384615385,,4274577.384615385,4274577.384615385,
prefill,2,31,1,19.0,,80838837.0,,4254675.631578947,,4254675.631578947,4254675.631578947,
prefill,3,0,1,20.0,,83643470.0,,4182173.5,,4182173.5,4182173.5,
prefill,3,1,1,24.0,,99785395.0,,4157724.7916666665,,4157724.7916666665,4157724.7916666665,
prefill,3,2,1,52.0,,215847928.0,,4150921.6923076925,,4150921.6923076925,4150921.6923076925,
prefill,3,3,1,6.0,,25046639.0,,4174439.8333333335,,4174439.8333333335,4174439.8333333335,
prefill,3,4,1,18.0,,75095544.0,,4171974.6666666665,,4171974.6666666665,4171974.6666666665,
prefill,3,5,1,4.0,,16771502.0,,4192875.5,,4192875.5,4192875.5,
prefill,3,6,1,6.0,,25244367.0,,4207394.5,,4207394.5,4207394.5,
prefill,3,7,1,7.0,,29421565.0,,4203080.714285715,,4203080.714285715,4203080.714285715,
prefill,3,8,1,4.0,,16758253.0,,4189563.25,,4189563.25,4189563.25,
prefill,3,9,1,5.0,,21042572.0,,4208514.4,,4208514.4,4208514.4,
prefill,3,10,1,13.0,,54212665.0,,4170205.0,,4170205.0,4170205.0,
prefill,3,11,1,2.0,,8587146.0,,4293573.0,,4293573.0,4293573.0,
prefill,3,12,1,11.0,,45727330.0,,4157030.0,,4157030.0,4157030.0,
prefill,3,13,1,27.0,,112407854.0,,4163253.8518518517,,4163253.8518518517,4163253.8518518517,
prefill,3,14,1,1.0,,4612148.0,,4612148.0,,4612148.0,4612148.0,
prefill,3,15,1,16.0,,66521607.0,,4157600.4375,,4157600.4375,4157600.4375,
prefill,3,16,1,44.0,,182606297.0,,4150143.1136363638,,4150143.1136363638,4150143.1136363638,
prefill,3,17,1,8.0,,33272497.0,,4159062.125,,4159062.125,4159062.125,
prefill,3,18,1,16.0,,66541050.0,,4158815.625,,4158815.625,4158815.625,
prefill,3,19,1,6.0,,25074484.0,,4179080.6666666665,,4179080.6666666665,4179080.6666666665,
prefill,3,20,1,14.0,,58340113.0,,4167150.9285714286,,4167150.9285714286,4167150.9285714286,
prefill,3,21,1,7.0,,29242101.0,,4177443.0,,4177443.0,4177443.0,
prefill,3,22,1,12.0,,49791638.0,,4149303.1666666665,,4149303.1666666665,4149303.1666666665,
prefill,3,23,1,13.0,,54092643.0,,4160972.5384615385,,4160972.5384615385,4160972.5384615385,
prefill,3,24,1,9.0,,37562095.0,,4173566.111111111,,4173566.111111111,4173566.111111111,
prefill,3,25,1,3.0,,12874974.0,,4291658.0,,4291658.0,4291658.0,
prefill,3,26,1,23.0,,95589508.0,,4156065.565217391,,4156065.565217391,4156065.565217391,
prefill,3,27,1,12.0,,49916022.0,,4159668.5,,4159668.5,4159668.5,
prefill,3,28,1,8.0,,33510704.0,,4188838.0,,4188838.0,4188838.0,
prefill,3,29,1,22.0,,91407951.0,,4154906.8636363638,,4154906.8636363638,4154906.8636363638,
prefill,3,30,1,31.0,,129053996.0,,4163032.129032258,,4163032.129032258,4163032.129032258,
prefill,3,31,1,12.0,,49942159.0,,4161846.5833333335,,4161846.5833333335,4161846.5833333335,
prefill,4,1,1,18.0,,75040950.0,,4168941.6666666665,,4168941.6666666665,4168941.6666666665,
prefill,4,2,1,9.0,,37786702.0,,4198522.444444444,,4198522.444444444,4198522.444444444,
prefill,4,3,1,22.0,,91368297.0,,4153104.409090909,,4153104.409090909,4153104.409090909,
prefill,4,4,1,9.0,,37590794.0,,4176754.888888889,,4176754.888888889,4176754.888888889,
prefill,4,5,1,16.0,,67361521.0,,4210095.0625,,4210095.0625,4210095.0625,
prefill,4,6,1,8.0,,33378211.0,,4172276.375,,4172276.375,4172276.375,
prefill,4,7,1,16.0,,66574862.0,,4160928.875,,4160928.875,4160928.875,
prefill,4,8,1,9.0,,37533884.0,,4170431.5555555555,,4170431.5555555555,4170431.5555555555,
prefill,4,9,1,17.0,,70830653.0,,4166509.0,,4166509.0,4166509.0,
prefill,4,10,1,13.0,,54085461.0,,4160420.076923077,,4160420.076923077,4160420.076923077,
prefill,4,11,1,31.0,,128612993.0,,4148806.2258064514,,4148806.2258064514,4148806.2258064514,
prefill,4,12,1,25.0,,103858359.0,,4154334.36,,4154334.36,4154334.36,
prefill,4,13,1,4.0,,16746061.0,,4186515.25,,4186515.25,4186515.25,
prefill,4,14,1,9.0,,37680036.0,,4186670.6666666665,,4186670.6666666665,4186670.6666666665,
prefill,4,15,1,15.0,,62485511.0,,4165700.7333333334,,4165700.7333333334,4165700.7333333334,
prefill,4,16,1,10.0,,41590032.0,,4159003.2,,4159003.2,4159003.2,
prefill,4,17,1,13.0,,54105264.0,,4161943.3846153845,,4161943.3846153845,4161943.3846153845,
prefill,4,18,1,10.0,,41668007.0,,4166800.7,,4166800.7,4166800.7,
prefill,4,19,1,12.0,,49938267.0,,4161522.25,,4161522.25,4161522.25,
prefill,4,20,1,13.0,,54185055.0,,4168081.153846154,,4168081.153846154,4168081.153846154,
prefill,4,21,1,21.0,,87428396.0,,4163256.9523809524,,4163256.9523809524,4163256.9523809524,
prefill,4,22,1,5.0,,21032034.0,,4206406.8,,4206406.8,4206406.8,
prefill,4,23,1,32.0,,132662492.0,,4145702.875,,4145702.875,4145702.875,
prefill,4,25,1,4.0,,16874733.0,,4218683.25,,4218683.25,4218683.25,
prefill,4,26,1,16.0,,66707393.0,,4169212.0625,,4169212.0625,4169212.0625,
prefill,4,27,1,17.0,,70936932.0,,4172760.705882353,,4172760.705882353,4172760.705882353,
prefill,4,28,1,8.0,,33305633.0,,4163204.125,,4163204.125,4163204.125,
prefill,4,29,1,15.0,,72678464.0,,4845230.933333334,,4845230.933333334,4845230.933333334,
prefill,4,30,1,31.0,,144992612.0,,4677181.0322580645,,4677181.0322580645,4677181.0322580645,
prefill,4,31,1,28.0,,122209684.0,,4364631.571428572,,4364631.571428572,4364631.571428572,
prefill,5,0,1,11.0,,45917941.0,,4174358.272727273,,4174358.272727273,4174358.272727273,
prefill,5,2,1,5.0,,21034320.0,,4206864.0,,4206864.0,4206864.0,
prefill,5,3,1,28.0,,116252777.0,,4151884.8928571427,,4151884.8928571427,4151884.8928571427,
prefill,5,4,1,11.0,,45727565.0,,4157051.3636363638,,4157051.3636363638,4157051.3636363638,
prefill,5,5,1,14.0,,58296132.0,,4164009.4285714286,,4164009.4285714286,4164009.4285714286,
prefill,5,6,1,10.0,,41623763.0,,4162376.3,,4162376.3,4162376.3,
prefill,5,7,1,20.0,,83301132.0,,4165056.6,,4165056.6,4165056.6,
prefill,5,8,1,43.0,,178536119.0,,4152002.7674418604,,4152002.7674418604,4152002.7674418604,
prefill,5,9,1,6.0,,25035220.0,,4172536.6666666665,,4172536.6666666665,4172536.6666666665,
prefill,5,10,1,12.0,,49895583.0,,4157965.25,,4157965.25,4157965.25,
prefill,5,11,1,8.0,,33264504.0,,4158063.0,,4158063.0,4158063.0,
prefill,5,12,1,4.0,,16792914.0,,4198228.5,,4198228.5,4198228.5,
prefill,5,13,1,19.0,,79179467.0,,4167340.3684210526,,4167340.3684210526,4167340.3684210526,
prefill,5,14,1,9.0,,37570938.0,,4174548.6666666665,,4174548.6666666665,4174548.6666666665,
prefill,5,15,1,5.0,,21264974.0,,4252994.8,,4252994.8,4252994.8,
prefill,5,16,1,21.0,,87177700.0,,4151319.0476190476,,4151319.0476190476,4151319.0476190476,
prefill,5,17,1,6.0,,25358961.0,,4226493.5,,4226493.5,4226493.5,
prefill,5,18,1,9.0,,38298528.0,,4255392.0,,4255392.0,4255392.0,
prefill,5,19,1,7.0,,29491544.0,,4213077.714285715,,4213077.714285715,4213077.714285715,
prefill,5,20,1,12.0,,50077821.0,,4173151.75,,4173151.75,4173151.75,
prefill,5,21,1,10.0,,41818837.0,,4181883.7,,4181883.7,4181883.7,
prefill,5,22,1,9.0,,37577367.0,,4175263.0,,4175263.0,4175263.0,
prefill,5,23,1,2.0,,8539296.0,,4269648.0,,4269648.0,4269648.0,
prefill,5,24,1,56.0,,232929176.0,,4159449.5714285714,,4159449.5714285714,4159449.5714285714,
prefill,5,25,1,18.0,,74933756.0,,4162986.4444444445,,4162986.4444444445,4162986.4444444445,
prefill,5,26,1,23.0,,95446444.0,,4149845.3913043477,,4149845.3913043477,4149845.3913043477,
prefill,5,27,1,15.0,,62521609.0,,4168107.2666666666,,4168107.2666666666,4168107.2666666666,
prefill,5,28,1,9.0,,37697055.0,,4188561.6666666665,,4188561.6666666665,4188561.6666666665,
prefill,5,29,1,7.0,,29259689.0,,4179955.5714285714,,4179955.5714285714,4179955.5714285714,
prefill,5,30,1,31.0,,128515991.0,,4145677.129032258,,4145677.129032258,4145677.129032258,
prefill,5,31,1,16.0,,66423734.0,,4151483.375,,4151483.375,4151483.375,
prefill,6,0,1,14.0,,58470775.0,,4176483.9285714286,,4176483.9285714286,4176483.9285714286,
prefill,6,1,1,7.0,,29329144.0,,4189877.714285714,,4189877.714285714,4189877.714285714,
prefill,6,2,1,6.0,,25488636.0,,4248106.0,,4248106.0,4248106.0,
prefill,6,4,1,14.0,,58264270.0,,4161733.5714285714,,4161733.5714285714,4161733.5714285714,
prefill,6,5,1,10.0,,42034678.0,,4203467.8,,4203467.8,4203467.8,
prefill,6,6,1,19.0,,79293111.0,,4173321.6315789474,,4173321.6315789474,4173321.6315789474,
prefill,6,7,1,15.0,,62271149.0,,4151409.933333333,,4151409.933333333,4151409.933333333,
prefill,6,8,1,1.0,,4620495.0,,4620495.0,,4620495.0,4620495.0,
prefill,6,9,1,9.0,,37608459.0,,4178717.6666666665,,4178717.6666666665,4178717.6666666665,
prefill,6,10,1,4.0,,16801854.0,,4200463.5,,4200463.5,4200463.5,
prefill,6,11,1,8.0,,33244470.0,,4155558.75,,4155558.75,4155558.75,
prefill,6,12,1,39.0,,161855969.0,,4150153.0512820515,,4150153.0512820515,4150153.0512820515,
prefill,6,13,1,11.0,,45766774.0,,4160615.8181818184,,4160615.8181818184,4160615.8181818184,
prefill,6,14,1,22.0,,91711414.0,,4168700.6363636362,,4168700.6363636362,4168700.6363636362,
prefill,6,15,1,11.0,,45789953.0,,4162723.0,,4162723.0,4162723.0,
prefill,6,16,1,22.0,,91476627.0,,4158028.5,,4158028.5,4158028.5,
prefill,6,17,1,10.0,,41701277.0,,4170127.7,,4170127.7,4170127.7,
prefill,6,18,1,3.0,,12669947.0,,4223315.666666667,,4223315.666666667,4223315.666666667,
prefill,6,19,1,6.0,,25294524.0,,4215754.0,,4215754.0,4215754.0,
prefill,6,20,1,45.0,,186846197.0,,4152137.711111111,,4152137.711111111,4152137.711111111,
prefill,6,21,1,48.0,,199241865.0,,4150872.1875,,4150872.1875,4150872.1875,
prefill,6,22,1,1.0,,4621354.0,,4621354.0,,4621354.0,4621354.0,
prefill,6,23,1,18.0,,76173895.0,,4231883.055555556,,4231883.055555556,4231883.055555556,
prefill,6,24,1,4.0,,16877798.0,,4219449.5,,4219449.5,4219449.5,
prefill,6,25,1,13.0,,54126651.0,,4163588.5384615385,,4163588.5384615385,4163588.5384615385,
prefill,6,26,1,17.0,,71251110.0,,4191241.7647058824,,4191241.7647058824,4191241.7647058824,
prefill,6,27,1,24.0,,99696092.0,,4154003.8333333335,,4154003.8333333335,4154003.8333333335,
prefill,6,28,1,7.0,,29782779.0,,4254682.714285715,,4254682.714285715,4254682.714285715,
prefill,6,29,1,13.0,,54229408.0,,4171492.923076923,,4171492.923076923,4171492.923076923,
prefill,6,30,1,17.0,,70902721.0,,4170748.294117647,,4170748.294117647,4170748.294117647,
prefill,6,31,1,18.0,,74999888.0,,4166660.4444444445,,4166660.4444444445,4166660.4444444445,
prefill,7,0,1,24.0,,100798380.0,,4199932.5,,4199932.5,4199932.5,
prefill,7,1,1,24.0,,99826499.0,,4159437.4583333335,,4159437.4583333335,4159437.4583333335,
prefill,7,2,1,1.0,,4623967.0,,4623967.0,,4623967.0,4623967.0,
prefill,7,3,1,19.0,,79012183.0,,4158535.947368421,,4158535.947368421,4158535.947368421,
prefill,7,4,1,32.0,,132990290.0,,4155946.5625,,4155946.5625,4155946.5625,
prefill,7,5,1,4.0,,16881266.0,,4220316.5,,4220316.5,4220316.5,
prefill,7,6,1,7.0,,29170307.0,,4167186.714285714,,4167186.714285714,4167186.714285714,
prefill,7,7,1,9.0,,37651140.0,,4183460.0,,4183460.0,4183460.0,
prefill,7,9,1,1.0,,4626953.0,,4626953.0,,4626953.0,4626953.0,
prefill,7,10,1,9.0,,37560988.0,,4173443.111111111,,4173443.111111111,4173443.111111111,
prefill,7,11,1,4.0,,16765426.0,,4191356.5,,4191356.5,4191356.5,
prefill,7,12,1,4.0,,16766175.0,,4191543.75,,4191543.75,4191543.75,
prefill,7,13,1,43.0,,179802243.0,,4181447.511627907,,4181447.511627907,4181447.511627907,
prefill,7,14,1,26.0,,108657199.0,,4179123.0384615385,,4179123.0384615385,4179123.0384615385,
prefill,7,15,1,7.0,,29261326.0,,4180189.4285714286,,4180189.4285714286,4180189.4285714286,
prefill,7,16,1,35.0,,145340672.0,,4152590.6285714284,,4152590.6285714284,4152590.6285714284,
prefill,7,17,1,14.0,,58446662.0,,4174761.5714285714,,4174761.5714285714,4174761.5714285714,
prefill,7,18,1,10.0,,41622871.0,,4162287.1,,4162287.1,4162287.1,
prefill,7,21,1,3.0,,12646785.0,,4215595.0,,4215595.0,4215595.0,
prefill,7,22,1,14.0,,58213250.0,,4158089.285714286,,4158089.285714286,4158089.285714286,
prefill,7,23,1,38.0,,158105549.0,,4160672.3421052634,,4160672.3421052634,4160672.3421052634,
prefill,7,24,1,10.0,,41561771.0,,4156177.1,,4156177.1,4156177.1,
prefill,7,25,1,13.0,,54855010.0,,4219616.153846154,,4219616.153846154,4219616.153846154,
prefill,7,26,1,22.0,,91511540.0,,4159615.4545454546,,4159615.4545454546,4159615.4545454546,
prefill,7,27,1,28.0,,116165617.0,,4148772.035714286,,4148772.035714286,4148772.035714286,
prefill,7,28,1,20.0,,83250883.0,,4162544.15,,4162544.15,4162544.15,
prefill,7,29,1,25.0,,104137453.0,,4165498.12,,4165498.12,4165498.12,
prefill,7,30,1,9.0,,37556627.0,,4172958.5555555555,,4172958.5555555555,4172958.5555555555,
prefill,7,31,1,1.0,,4635030.0,,4635030.0,,4635030.0,4635030.0,
prefill,8,0,1,13.0,,54217722.0,,4170594.0,,4170594.0,4170594.0,
prefill,8,1,1,25.0,,103950020.0,,4158000.8,,4158000.8,4158000.8,
prefill,8,3,1,15.0,,63851361.0,,4256757.4,,4256757.4,4256757.4,
prefill,8,4,1,16.0,,66382727.0,,4148920.4375,,4148920.4375,4148920.4375,
prefill,8,5,1,40.0,,166455612.0,,4161390.3,,4161390.3,4161390.3,
prefill,8,6,1,17.0,,70798025.0,,4164589.705882353,,4164589.705882353,4164589.705882353,
prefill,8,7,1,18.0,,75000061.0,,4166670.0555555555,,4166670.0555555555,4166670.0555555555,
prefill,8,8,1,40.0,,166127523.0,,4153188.075,,4153188.075,4153188.075,
prefill,8,9,1,20.0,,83253744.0,,4162687.2,,4162687.2,4162687.2,
prefill,8,10,1,3.0,,12773153.0,,4257717.666666667,,4257717.666666667,4257717.666666667,
prefill,8,11,1,6.0,,25063967.0,,4177327.8333333335,,4177327.8333333335,4177327.8333333335,
prefill,8,13,1,21.0,,87463469.0,,4164927.095238095,,4164927.095238095,4164927.095238095,
prefill,8,14,1,4.0,,16761603.0,,4190400.75,,4190400.75,4190400.75,
prefill,8,15,1,30.0,,124675152.0,,4155838.4,,4155838.4,4155838.4,
prefill,8,16,1,37.0,,153691129.0,,4153814.2972972975,,4153814.2972972975,4153814.2972972975,
prefill,8,17,1,16.0,,66551293.0,,4159455.8125,,4159455.8125,4159455.8125,
prefill,8,18,1,13.0,,54208914.0,,4169916.4615384615,,4169916.4615384615,4169916.4615384615,
prefill,8,20,1,22.0,,91565970.0,,4162089.5454545454,,4162089.5454545454,4162089.5454545454,
prefill,8,21,1,2.0,,8553703.0,,4276851.5,,4276851.5,4276851.5,
prefill,8,22,1,19.0,,79099833.0,,4163149.1052631577,,4163149.1052631577,4163149.1052631577,
prefill,8,24,1,5.0,,21037523.0,,4207504.6,,4207504.6,4207504.6,
prefill,8,25,1,5.0,,21072210.0,,4214442.0,,4214442.0,4214442.0,
prefill,8,26,1,25.0,,104129556.0,,4165182.24,,4165182.24,4165182.24,
prefill,8,27,1,1.0,,4627362.0,,4627362.0,,4627362.0,4627362.0,
prefill,8,28,1,7.0,,29353754.0,,4193393.4285714286,,4193393.4285714286,4193393.4285714286,
prefill,8,29,1,10.0,,42127858.0,,4212785.8,,4212785.8,4212785.8,
prefill,8,30,1,4.0,,17004556.0,,4251139.0,,4251139.0,4251139.0,
prefill,8,31,1,22.0,,91707740.0,,4168533.6363636362,,4168533.6363636362,4168533.6363636362,
prefill,9,0,1,7.0,,29291552.0,,4184507.4285714286,,4184507.4285714286,4184507.4285714286,
prefill,9,2,1,3.0,,12668071.0,,4222690.333333333,,4222690.333333333,4222690.333333333,
prefill,9,3,1,7.0,,29215395.0,,4173627.8571428573,,4173627.8571428573,4173627.8571428573,
prefill,9,4,1,1.0,,4629076.0,,4629076.0,,4629076.0,4629076.0,
prefill,9,5,1,14.0,,58232227.0,,4159444.785714286,,4159444.785714286,4159444.785714286,
prefill,9,6,1,3.0,,12677158.0,,4225719.333333333,,4225719.333333333,4225719.333333333,
prefill,9,7,1,41.0,,170315891.0,,4154046.1219512196,,4154046.1219512196,4154046.1219512196,
prefill,9,8,1,6.0,,25093799.0,,4182299.8333333335,,4182299.8333333335,4182299.8333333335,
prefill,9,9,1,50.0,,207712479.0,,4154249.58,,4154249.58,4154249.58,
prefill,9,11,1,39.0,,161861510.0,,4150295.128205128,,4150295.128205128,4150295.128205128,
prefill,9,12,1,13.0,,54092657.0,,4160973.6153846155,,4160973.6153846155,4160973.6153846155,
prefill,9,13,1,4.0,,16768301.0,,4192075.25,,4192075.25,4192075.25,
prefill,9,14,1,1.0,,4619975.0,,4619975.0,,4619975.0,4619975.0,
prefill,9,15,1,24.0,,99558187.0,,4148257.7916666665,,4148257.7916666665,4148257.7916666665,
prefill,9,16,1,33.0,,137310037.0,,4160910.212121212,,4160910.212121212,4160910.212121212,
prefill,9,17,1,25.0,,103944103.0,,4157764.12,,4157764.12,4157764.12,
prefill,9,18,1,8.0,,33413961.0,,4176745.125,,4176745.125,4176745.125,
prefill,9,19,1,1.0,,4616448.0,,4616448.0,,4616448.0,4616448.0,
prefill,9,20,1,20.0,,83191641.0,,4159582.05,,4159582.05,4159582.05,
prefill,9,21,1,21.0,,87812143.0,,4181530.619047619,,4181530.619047619,4181530.619047619,
prefill,9,22,1,26.0,,108403295.0,,4169357.5,,4169357.5,4169357.5,
prefill,9,23,1,7.0,,29434109.0,,4204872.714285715,,4204872.714285715,4204872.714285715,
prefill,9,24,1,4.0,,17292927.0,,4323231.75,,4323231.75,4323231.75,
prefill,9,25,1,13.0,,54598914.0,,4199916.461538462,,4199916.461538462,4199916.461538462,
prefill,9,26,1,26.0,,108845943.0,,4186382.423076923,,4186382.423076923,4186382.423076923,
prefill,9,27,1,10.0,,41726038.0,,4172603.8,,4172603.8,4172603.8,
prefill,9,28,1,16.0,,66532218.0,,4158263.625,,4158263.625,4158263.625,
prefill,9,29,1,10.0,,41694619.0,,4169461.9,,4169461.9,4169461.9,
prefill,9,30,1,18.0,,75040232.0,,4168901.777777778,,4168901.777777778,4168901.777777778,
prefill,9,31,1,5.0,,21121319.0,,4224263.8,,4224263.8,4224263.8,
prefill,10,0,1,6.0,,25121686.0,,4186947.6666666665,,4186947.6666666665,4186947.6666666665,
prefill,10,1,1,7.0,,29256609.0,,4179515.5714285714,,4179515.5714285714,4179515.5714285714,
prefill,10,2,1,1.0,,4621020.0,,4621020.0,,4621020.0,4621020.0,
prefill,10,3,1,2.0,,8574252.0,,4287126.0,,4287126.0,4287126.0,
prefill,10,4,1,8.0,,33346402.0,,4168300.25,,4168300.25,4168300.25,
prefill,10,5,1,26.0,,108012487.0,,4154326.423076923,,4154326.423076923,4154326.423076923,
prefill,10,6,1,44.0,,182960492.0,,4158193.0,,4158193.0,4158193.0,
prefill,10,9,1,2.0,,8647249.0,,4323624.5,,4323624.5,4323624.5,
prefill,10,10,1,43.0,,178337906.0,,4147393.1627906975,,4147393.1627906975,4147393.1627906975,
prefill,10,11,1,11.0,,45784685.0,,4162244.090909091,,4162244.090909091,4162244.090909091,
prefill,10,13,1,22.0,,91565995.0,,4162090.6818181816,,4162090.6818181816,4162090.6818181816,
prefill,10,14,1,4.0,,16766673.0,,4191668.25,,4191668.25,4191668.25,
prefill,10,15,1,36.0,,149950983.0,,4165305.0833333335,,4165305.0833333335,4165305.0833333335,
prefill,10,16,1,25.0,,105161499.0,,4206459.96,,4206459.96,4206459.96,
prefill,10,17,1,32.0,,132771019.0,,4149094.34375,,4149094.34375,4149094.34375,
prefill,10,18,1,11.0,,45910221.0,,4173656.4545454546,,4173656.4545454546,4173656.4545454546,
prefill,10,19,1,34.0,,142164649.0,,4181313.205882353,,4181313.205882353,4181313.205882353,
prefill,10,20,1,7.0,,29319338.0,,4188476.8571428573,,4188476.8571428573,4188476.8571428573,
prefill,10,21,1,14.0,,58431867.0,,4173704.785714286,,4173704.785714286,4173704.785714286,
prefill,10,22,1,10.0,,41755755.0,,4175575.5,,4175575.5,4175575.5,
prefill,10,23,1,5.0,,21028400.0,,4205680.0,,4205680.0,4205680.0,
prefill,10,24,1,13.0,,54156758.0,,4165904.4615384615,,4165904.4615384615,4165904.4615384615,
prefill,10,25,1,10.0,,41743438.0,,4174343.8,,4174343.8,4174343.8,
prefill,10,26,1,3.0,,12637294.0,,4212431.333333333,,4212431.333333333,4212431.333333333,
prefill,10,27,1,17.0,,70805036.0,,4165002.117647059,,4165002.117647059,4165002.117647059,
prefill,10,28,1,51.0,,211723971.0,,4151450.411764706,,4151450.411764706,4151450.411764706,
prefill,10,29,1,5.0,,21030866.0,,4206173.2,,4206173.2,4206173.2,
prefill,10,30,1,1.0,,4634364.0,,4634364.0,,4634364.0,4634364.0,
prefill,10,31,1,6.0,,25111182.0,,4185197.0,,4185197.0,4185197.0,
prefill,11,0,1,1.0,,4631942.0,,4631942.0,,4631942.0,4631942.0,
prefill,11,1,1,2.0,,8605150.0,,4302575.0,,4302575.0,4302575.0,
prefill,11,2,1,4.0,,16757654.0,,4189413.5,,4189413.5,4189413.5,
prefill,11,3,1,2.0,,8644388.0,,4322194.0,,4322194.0,4322194.0,
prefill,11,4,1,26.0,,107992164.0,,4153544.769230769,,4153544.769230769,4153544.769230769,
prefill,11,5,1,13.0,,54293646.0,,4176434.3076923075,,4176434.3076923075,4176434.3076923075,
prefill,11,6,1,3.0,,12665208.0,,4221736.0,,4221736.0,4221736.0,
prefill,11,7,1,8.0,,33322154.0,,4165269.25,,4165269.25,4165269.25,
prefill,11,8,1,10.0,,41618888.0,,4161888.8,,4161888.8,4161888.8,
prefill,11,9,1,10.0,,41670188.0,,4167018.8,,4167018.8,4167018.8,
prefill,11,10,1,27.0,,112394159.0,,4162746.6296296297,,4162746.6296296297,4162746.6296296297,
prefill,11,11,1,16.0,,66420944.0,,4151309.0,,4151309.0,4151309.0,
prefill,11,12,1,26.0,,107976839.0,,4152955.346153846,,4152955.346153846,4152955.346153846,
prefill,11,13,1,50.0,,207825368.0,,4156507.36,,4156507.36,4156507.36,
prefill,11,14,1,7.0,,29161102.0,,4165871.714285714,,4165871.714285714,4165871.714285714,
prefill,11,15,1,10.0,,41671386.0,,4167138.6,,4167138.6,4167138.6,
prefill,11,16,1,9.0,,37555856.0,,4172872.888888889,,4172872.888888889,4172872.888888889,
prefill,11,17,1,22.0,,91700960.0,,4168225.4545454546,,4168225.4545454546,4168225.4545454546,
prefill,11,18,1,1.0,,4620599.0,,4620599.0,,4620599.0,4620599.0,
prefill,11,19,1,28.0,,116545094.0,,4162324.785714286,,4162324.785714286,4162324.785714286,
prefill,11,20,1,35.0,,145232377.0,,4149496.4857142856,,4149496.4857142856,4149496.4857142856,
prefill,11,21,1,4.0,,16754056.0,,4188514.0,,4188514.0,4188514.0,
prefill,11,22,1,5.0,,21088892.0,,4217778.4,,4217778.4,4217778.4,
prefill,11,23,1,22.0,,91421654.0,,4155529.727272727,,4155529.727272727,4155529.727272727,
prefill,11,24,1,34.0,,141191397.0,,4152688.1470588236,,4152688.1470588236,4152688.1470588236,
prefill,11,25,1,40.0,,166092492.0,,4152312.3,,4152312.3,4152312.3,
prefill,11,27,1,31.0,,128743309.0,,4153009.9677419355,,4153009.9677419355,4153009.9677419355,
prefill,11,28,1,1.0,,4627305.0,,4627305.0,,4627305.0,4627305.0,
prefill,11,29,1,4.0,,16758062.0,,4189515.5,,4189515.5,4189515.5,
prefill,11,30,1,1.0,,4638808.0,,4638808.0,,4638808.0,4638808.0,
prefill,11,31,1,4.0,,16763736.0,,4190934.0,,4190934.0,4190934.0,
prefill,12,0,1,14.0,,58905717.0,,4207551.214285715,,4207551.214285715,4207551.214285715,
prefill,12,1,1,38.0,,158189877.0,,4162891.5,,4162891.5,4162891.5,
prefill,12,2,1,22.0,,91525081.0,,4160230.9545454546,,4160230.9545454546,4160230.9545454546,
prefill,12,3,1,16.0,,66449460.0,,4153091.25,,4153091.25,4153091.25,
prefill,12,4,1,9.0,,37523933.0,,4169325.888888889,,4169325.888888889,4169325.888888889,
prefill,12,5,1,1.0,,4629297.0,,4629297.0,,4629297.0,4629297.0,
prefill,12,6,1,27.0,,112143333.0,,4153456.777777778,,4153456.777777778,4153456.777777778,
prefill,12,7,1,5.0,,21467104.0,,4293420.8,,4293420.8,4293420.8,
prefill,12,8,1,1.0,,4628302.0,,4628302.0,,4628302.0,4628302.0,
prefill,12,9,1,21.0,,88283030.0,,4203953.80952381,,4203953.80952381,4203953.80952381,
prefill,12,10,1,3.0,,12737062.0,,4245687.333333333,,4245687.333333333,4245687.333333333,
prefill,12,11,1,9.0,,37683005.0,,4187000.5555555555,,4187000.5555555555,4187000.5555555555,
prefill,12,12,1,3.0,,12770084.0,,4256694.666666667,,4256694.666666667,4256694.666666667,
prefill,12,13,1,4.0,,16762097.0,,4190524.25,,4190524.25,4190524.25,
prefill,12,14,1,30.0,,124435650.0,,4147855.0,,4147855.0,4147855.0,
prefill,12,16,1,43.0,,178769738.0,,4157435.7674418604,,4157435.7674418604,4157435.7674418604,
prefill,12,17,1,11.0,,45742542.0,,4158412.909090909,,4158412.909090909,4158412.909090909,
prefill,12,18,1,14.0,,58393459.0,,4170961.3571428573,,4170961.3571428573,4170961.3571428573,
prefill,12,19,1,19.0,,78989602.0,,4157347.4736842103,,4157347.4736842103,4157347.4736842103,
prefill,12,20,1,15.0,,62325755.0,,4155050.3333333335,,4155050.3333333335,4155050.3333333335,
prefill,12,21,1,1.0,,4618089.0,,4618089.0,,4618089.0,4618089.0,
prefill,12,22,1,8.0,,33388490.0,,4173561.25,,4173561.25,4173561.25,
prefill,12,23,1,18.0,,75272032.0,,4181779.5555555555,,4181779.5555555555,4181779.5555555555,
prefill,12,24,1,23.0,,95484028.0,,4151479.4782608696,,4151479.4782608696,4151479.4782608696,
prefill,12,25,1,2.0,,8577283.0,,4288641.5,,4288641.5,4288641.5,
prefill,12,26,1,42.0,,174491485.0,,4154559.1666666665,,4154559.1666666665,4154559.1666666665,
prefill,12,27,1,1.0,,4629089.0,,4629089.0,,4629089.0,4629089.0,
prefill,12,28,1,19.0,,79038959.0,,4159945.210526316,,4159945.210526316,4159945.210526316,
prefill,12,29,1,28.0,,116553275.0,,4162616.964285714,,4162616.964285714,4162616.964285714,
prefill,12,30,1,7.0,,29160471.0,,4165781.5714285714,,4165781.5714285714,4165781.5714285714,
prefill,12,31,1,2.0,,8730932.0,,4365466.0,,4365466.0,4365466.0,
prefill,13,0,1,9.0,,38141646.0,,4237960.666666667,,4237960.666666667,4237960.666666667,
prefill,13,1,1,10.0,,41779591.0,,4177959.1,,4177959.1,4177959.1,
prefill,13,2,1,16.0,,66435262.0,,4152203.875,,4152203.875,4152203.875,
prefill,13,3,1,10.0,,41563141.0,,4156314.1,,4156314.1,4156314.1,
prefill,13,4,1,1.0,,4631835.0,,4631835.0,,4631835.0,4631835.0,
prefill,13,5,1,1.0,,4638081.0,,4638081.0,,4638081.0,4638081.0,
prefill,13,6,1,36.0,,150114585.0,,4169849.5833333335,,4169849.5833333335,4169849.5833333335,
prefill,13,7,1,10.0,,41869563.0,,4186956.3,,4186956.3,4186956.3,
prefill,13,8,1,14.0,,60057540.0,,4289824.285714285,,4289824.285714285,4289824.285714285,
prefill,13,9,1,1.0,,4637644.0,,4637644.0,,4637644.0,4637644.0,
prefill,13,10,1,1.0,,4635286.0,,4635286.0,,4635286.0,4635286.0,
prefill,13,11,1,8.0,,33778281.0,,4222285.125,,4222285.125,4222285.125,
prefill,13,12,1,6.0,,25085576.0,,4180929.3333333335,,4180929.3333333335,4180929.3333333335,
prefill,13,13,1,6.0,,25193151.0,,4198858.5,,4198858.5,4198858.5,
prefill,13,14,1,15.0,,62548278.0,,4169885.2,,4169885.2,4169885.2,
prefill,13,15,1,36.0,,150730090.0,,4186946.9444444445,,4186946.9444444445,4186946.9444444445,
prefill,13,16,1,4.0,,16877274.0,,4219318.5,,4219318.5,4219318.5,
prefill,13,17,1,5.0,,21072577.0,,4214515.4,,4214515.4,4214515.4,
prefill,13,18,1,1.0,,4625383.0,,4625383.0,,4625383.0,4625383.0,
prefill,13,19,1,26.0,,108255041.0,,4163655.423076923,,4163655.423076923,4163655.423076923,
prefill,13,20,1,9.0,,37640097.0,,4182233.0,,4182233.0,4182233.0,
prefill,13,21,1,16.0,,67229838.0,,4201864.875,,4201864.875,4201864.875,
prefill,13,22,1,1.0,,4632564.0,,4632564.0,,4632564.0,4632564.0,
prefill,13,23,1,37.0,,153815946.0,,4157187.7297297297,,4157187.7297297297,4157187.7297297297,
prefill,13,24,1,46.0,,191849668.0,,4170644.9565217393,,4170644.9565217393,4170644.9565217393,
prefill,13,25,1,2.0,,8565618.0,,4282809.0,,4282809.0,4282809.0,
prefill,13,26,1,11.0,,45741655.0,,4158332.272727273,,4158332.272727273,4158332.272727273,
prefill,13,27,1,1.0,,4633293.0,,4633293.0,,4633293.0,4633293.0,
prefill,13,28,1,55.0,,228501755.0,,4154577.3636363638,,4154577.3636363638,4154577.3636363638,
prefill,13,30,1,20.0,,83480753.0,,4174037.65,,4174037.65,4174037.65,
prefill,13,31,1,42.0,,174868483.0,,4163535.3095238097,,4163535.3095238097,4163535.3095238097,
prefill,14,0,1,9.0,,37550440.0,,4172271.111111111,,4172271.111111111,4172271.111111111,
prefill,14,1,1,4.0,,16775018.0,,4193754.5,,4193754.5,4193754.5,
prefill,14,2,1,3.0,,12677368.0,,4225789.333333333,,4225789.333333333,4225789.333333333,
prefill,14,3,1,1.0,,4623417.0,,4623417.0,,4623417.0,4623417.0,
prefill,14,4,1,22.0,,91313804.0,,4150627.4545454546,,4150627.4545454546,4150627.4545454546,
prefill,14,5,1,30.0,,125503578.0,,4183452.6,,4183452.6,4183452.6,
prefill,14,6,1,38.0,,158055442.0,,4159353.736842105,,4159353.736842105,4159353.736842105,
prefill,14,7,1,5.0,,21033842.0,,4206768.4,,4206768.4,4206768.4,
prefill,14,8,1,6.0,,25056542.0,,4176090.3333333335,,4176090.3333333335,4176090.3333333335,
prefill,14,9,1,19.0,,79282287.0,,4172751.947368421,,4172751.947368421,4172751.947368421,
prefill,14,10,1,40.0,,166196129.0,,4154903.225,,4154903.225,4154903.225,
prefill,14,11,1,13.0,,54218597.0,,4170661.3076923075,,4170661.3076923075,4170661.3076923075,
prefill,14,12,1,7.0,,29229305.0,,4175615.0,,4175615.0,4175615.0,
prefill,14,13,1,2.0,,8558441.0,,4279220.5,,4279220.5,4279220.5,
prefill,14,14,1,4.0,,16770865.0,,4192716.25,,4192716.25,4192716.25,
prefill,14,15,1,19.0,,79113667.0,,4163877.210526316,,4163877.210526316,4163877.210526316,
prefill,14,16,1,10.0,,41598154.0,,4159815.4,,4159815.4,4159815.4,
prefill,14,17,1,11.0,,46273280.0,,4206661.818181818,,4206661.818181818,4206661.818181818,
prefill,14,18,1,4.0,,17723365.0,,4430841.25,,4430841.25,4430841.25,
prefill,14,19,1,34.0,,143089872.0,,4208525.647058823,,4208525.647058823,4208525.647058823,
prefill,14,20,1,9.0,,37654421.0,,4183824.5555555555,,4183824.5555555555,4183824.5555555555,
prefill,14,21,1,42.0,,175100802.0,,4169066.714285714,,4169066.714285714,4169066.714285714,
prefill,14,23,1,26.0,,107938890.0,,4151495.769230769,,4151495.769230769,4151495.769230769,
prefill,14,24,1,2.0,,8619089.0,,4309544.5,,4309544.5,4309544.5,
prefill,14,25,1,16.0,,66567953.0,,4160497.0625,,4160497.0625,4160497.0625,
prefill,14,26,1,30.0,,124636404.0,,4154546.8,,4154546.8,4154546.8,
prefill,14,27,1,4.0,,17031099.0,,4257774.75,,4257774.75,4257774.75,
prefill,14,28,1,11.0,,45777916.0,,4161628.727272727,,4161628.727272727,4161628.727272727,
prefill,14,29,1,10.0,,41789816.0,,4178981.6,,4178981.6,4178981.6,
prefill,14,30,1,16.0,,66544217.0,,4159013.5625,,4159013.5625,4159013.5625,
prefill,14,31,1,9.0,,37586988.0,,4176332.0,,4176332.0,4176332.0,
prefill,15,0,1,33.0,,137504527.0,,4166803.8484848486,,4166803.8484848486,4166803.8484848486,
prefill,15,2,1,31.0,,129067306.0,,4163461.4838709678,,4163461.4838709678,4163461.4838709678,
prefill,15,3,1,12.0,,50049919.0,,4170826.5833333335,,4170826.5833333335,4170826.5833333335,
prefill,15,4,1,1.0,,4617597.0,,4617597.0,,4617597.0,4617597.0,
prefill,15,5,1,33.0,,137161360.0,,4156404.8484848486,,4156404.8484848486,4156404.8484848486,
prefill,15,6,1,10.0,,42144972.0,,4214497.2,,4214497.2,4214497.2,
prefill,15,7,1,1.0,,4631342.0,,4631342.0,,4631342.0,4631342.0,
prefill,15,8,1,15.0,,62343075.0,,4156205.0,,4156205.0,4156205.0,
prefill,15,9,1,9.0,,37608311.0,,4178701.222222222,,4178701.222222222,4178701.222222222,
prefill,15,10,1,39.0,,162128277.0,,4157135.3076923075,,4157135.3076923075,4157135.3076923075,
prefill,15,11,1,12.0,,50369007.0,,4197417.25,,4197417.25,4197417.25,
prefill,15,12,1,39.0,,162204694.0,,4159094.717948718,,4159094.717948718,4159094.717948718,
prefill,15,13,1,10.0,,41713055.0,,4171305.5,,4171305.5,4171305.5,
prefill,15,14,1,19.0,,79192352.0,,4168018.5263157897,,4168018.5263157897,4168018.5263157897,
prefill,15,15,1,4.0,,16774676.0,,4193669.0,,4193669.0,4193669.0,
prefill,15,16,1,5.0,,21358316.0,,4271663.2,,4271663.2,4271663.2,
prefill,15,17,1,7.0,,29220627.0,,4174375.285714286,,4174375.285714286,4174375.285714286,
prefill,15,18,1,5.0,,21064677.0,,4212935.4,,4212935.4,4212935.4,
prefill,15,19,1,1.0,,4631098.0,,4631098.0,,4631098.0,4631098.0,
prefill,15,20,1,8.0,,33442823.0,,4180352.875,,4180352.875,4180352.875,
prefill,15,21,1,16.0,,66639974.0,,4164998.375,,4164998.375,4164998.375,
prefill,15,22,1,4.0,,16783765.0,,4195941.25,,4195941.25,4195941.25,
prefill,15,23,1,10.0,,41597855.0,,4159785.5,,4159785.5,4159785.5,
prefill,15,24,1,29.0,,120756017.0,,4164000.5862068967,,4164000.5862068967,4164000.5862068967,
prefill,15,25,1,16.0,,66490306.0,,4155644.125,,4155644.125,4155644.125,
prefill,15,26,1,26.0,,107968078.0,,4152618.3846153845,,4152618.3846153845,4152618.3846153845,
prefill,15,27,1,28.0,,116462005.0,,4159357.3214285714,,4159357.3214285714,4159357.3214285714,
prefill,15,28,1,5.0,,21050496.0,,4210099.2,,4210099.2,4210099.2,
prefill,15,29,1,8.0,,33356837.0,,4169604.625,,4169604.625,4169604.625,
prefill,15,30,1,10.0,,41641433.0,,4164143.3,,4164143.3,4164143.3,
prefill,15,31,1,10.0,,41597144.0,,4159714.4,,4159714.4,4159714.4,
prefill,16,0,1,7.0,,29227834.0,,4175404.8571428573,,4175404.8571428573,4175404.8571428573,
prefill,16,1,1,37.0,,153760604.0,,4155692.0,,4155692.0,4155692.0,
prefill,16,2,1,14.0,,58423268.0,,4173090.5714285714,,4173090.5714285714,4173090.5714285714,
prefill,16,3,1,13.0,,54106361.0,,4162027.769230769,,4162027.769230769,4162027.769230769,
prefill,16,4,1,7.0,,29294492.0,,4184927.4285714286,,4184927.4285714286,4184927.4285714286,
prefill,16,5,1,1.0,,4627566.0,,4627566.0,,4627566.0,4627566.0,
prefill,16,6,1,32.0,,132848388.0,,4151512.125,,4151512.125,4151512.125,
prefill,16,7,1,17.0,,71197362.0,,4188080.117647059,,4188080.117647059,4188080.117647059,
prefill,16,8,1,11.0,,45795136.0,,4163194.1818181816,,4163194.1818181816,4163194.1818181816,
prefill,16,9,1,36.0,,149425533.0,,4150709.25,,4150709.25,4150709.25,
prefill,16,10,1,17.0,,70693997.0,,4158470.411764706,,4158470.411764706,4158470.411764706,
prefill,16,12,1,5.0,,21051385.0,,4210277.0,,4210277.0,4210277.0,
prefill,16,13,1,1.0,,4623364.0,,4623364.0,,4623364.0,4623364.0,
prefill,16,14,1,24.0,,99634000.0,,4151416.6666666665,,4151416.6666666665,4151416.6666666665,
prefill,16,15,1,39.0,,162325409.0,,4162189.9743589745,,4162189.9743589745,4162189.9743589745,
prefill,16,16,1,2.0,,8552228.0,,4276114.0,,4276114.0,4276114.0,
prefill,16,17,1,3.0,,12643376.0,,4214458.666666667,,4214458.666666667,4214458.666666667,
prefill,16,18,1,8.0,,33261651.0,,4157706.375,,4157706.375,4157706.375,
prefill,16,19,1,19.0,,78922713.0,,4153827.0,,4153827.0,4153827.0,
prefill,16,20,1,14.0,,58389988.0,,4170713.4285714286,,4170713.4285714286,4170713.4285714286,
prefill,16,22,1,34.0,,141394022.0,,4158647.705882353,,4158647.705882353,4158647.705882353,
prefill,16,23,1,6.0,,25073818.0,,4178969.6666666665,,4178969.6666666665,4178969.6666666665,
prefill,16,25,1,7.0,,29231315.0,,4175902.1428571427,,4175902.1428571427,4175902.1428571427,
prefill,16,26,1,21.0,,87295670.0,,4156936.6666666665,,4156936.6666666665,4156936.6666666665,
prefill,16,28,1,14.0,,58442109.0,,4174436.3571428573,,4174436.3571428573,4174436.3571428573,
prefill,16,29,1,5.0,,21064643.0,,4212928.6,,4212928.6,4212928.6,
prefill,16,30,1,31.0,,128835454.0,,4155982.3870967743,,4155982.3870967743,4155982.3870967743,
prefill,16,31,1,31.0,,129029673.0,,4162247.5161290322,,4162247.5161290322,4162247.5161290322,
prefill,17,0,1,3.0,,12652565.0,,4217521.666666667,,4217521.666666667,4217521.666666667,
prefill,17,1,1,3.0,,12656011.0,,4218670.333333333,,4218670.333333333,4218670.333333333,
prefill,17,2,1,19.0,,79009037.0,,4158370.3684210526,,4158370.3684210526,4158370.3684210526,
prefill,17,3,1,1.0,,4633122.0,,4633122.0,,4633122.0,4633122.0,
prefill,17,4,1,17.0,,70785960.0,,4163880.0,,4163880.0,4163880.0,
prefill,17,5,1,7.0,,29307682.0,,4186811.714285714,,4186811.714285714,4186811.714285714,
prefill,17,6,1,3.0,,12766688.0,,4255562.666666667,,4255562.666666667,4255562.666666667,
prefill,17,7,1,7.0,,29239532.0,,4177076.0,,4177076.0,4177076.0,
prefill,17,8,1,17.0,,70833609.0,,4166682.882352941,,4166682.882352941,4166682.882352941,
prefill,17,9,1,7.0,,29255223.0,,4179317.5714285714,,4179317.5714285714,4179317.5714285714,
prefill,17,10,1,16.0,,66405386.0,,4150336.625,,4150336.625,4150336.625,
prefill,17,11,1,20.0,,83683747.0,,4184187.35,,4184187.35,4184187.35,
prefill,17,12,1,35.0,,145489574.0,,4156844.9714285713,,4156844.9714285713,4156844.9714285713,
prefill,17,13,1,6.0,,25064003.0,,4177333.8333333335,,4177333.8333333335,4177333.8333333335,
prefill,17,14,1,13.0,,54102342.0,,4161718.6153846155,,4161718.6153846155,4161718.6153846155,
prefill,17,15,1,21.0,,87573825.0,,4170182.1428571427,,4170182.1428571427,4170182.1428571427,
prefill,17,16,1,41.0,,170176917.0,,4150656.512195122,,4150656.512195122,4150656.512195122,
prefill,17,17,1,21.0,,87323731.0,,4158272.904761905,,4158272.904761905,4158272.904761905,
prefill,17,18,1,29.0,,120315094.0,,4148796.3448275863,,4148796.3448275863,4148796.3448275863,
prefill,17,19,1,3.0,,12656003.0,,4218667.666666667,,4218667.666666667,4218667.666666667,
prefill,17,20,1,3.0,,12634970.0,,4211656.666666667,,4211656.666666667,4211656.666666667,
prefill,17,21,1,12.0,,49888189.0,,4157349.0833333335,,4157349.0833333335,4157349.0833333335,
prefill,17,22,1,10.0,,41719920.0,,4171992.0,,4171992.0,4171992.0,
prefill,17,23,1,14.0,,58296911.0,,4164065.0714285714,,4164065.0714285714,4164065.0714285714,
prefill,17,24,1,37.0,,153589655.0,,4151071.756756757,,4151071.756756757,4151071.756756757,
prefill,17,25,1,7.0,,29186803.0,,4169543.285714286,,4169543.285714286,4169543.285714286,
prefill,17,26,1,4.0,,16779461.0,,4194865.25,,4194865.25,4194865.25,
prefill,17,27,1,14.0,,58413528.0,,4172394.8571428573,,4172394.8571428573,4172394.8571428573,
prefill,17,28,1,33.0,,137129263.0,,4155432.212121212,,4155432.212121212,4155432.212121212,
prefill,17,29,1,26.0,,108237526.0,,4162981.769230769,,4162981.769230769,4162981.769230769,
prefill,17,30,1,1.0,,4634302.0,,4634302.0,,4634302.0,4634302.0,
prefill,17,31,1,6.0,,25102319.0,,4183719.8333333335,,4183719.8333333335,4183719.8333333335,
prefill,18,0,1,7.0,,29252505.0,,4178929.285714286,,4178929.285714286,4178929.285714286,
prefill,18,1,1,6.0,,25066965.0,,4177827.5,,4177827.5,4177827.5,
prefill,18,2,1,12.0,,49885940.0,,4157161.6666666665,,4157161.6666666665,4157161.6666666665,
prefill,18,3,1,9.0,,37573445.0,,4174827.222222222,,4174827.222222222,4174827.222222222,
prefill,18,4,1,13.0,,54118011.0,,4162923.923076923,,4162923.923076923,4162923.923076923,
prefill,18,5,1,15.0,,62357165.0,,4157144.3333333335,,4157144.3333333335,4157144.3333333335,
prefill,18,7,1,4.0,,16979043.0,,4244760.75,,4244760.75,4244760.75,
prefill,18,8,1,40.0,,167265144.0,,4181628.6,,4181628.6,4181628.6,
prefill,18,9,1,6.0,,25353082.0,,4225513.666666667,,4225513.666666667,4225513.666666667,
prefill,18,10,1,17.0,,71522624.0,,4207213.176470588,,4207213.176470588,4207213.176470588,
prefill,18,12,1,32.0,,134271510.0,,4195984.6875,,4195984.6875,4195984.6875,
prefill,18,13,1,11.0,,46033676.0,,4184879.6363636362,,4184879.6363636362,4184879.6363636362,
prefill,18,14,1,10.0,,41973220.0,,4197322.0,,4197322.0,4197322.0,
prefill,18,15,1,21.0,,87542427.0,,4168687.0,,4168687.0,4168687.0,
prefill,18,16,1,6.0,,25056809.0,,4176134.8333333335,,4176134.8333333335,4176134.8333333335,
prefill,18,17,1,24.0,,100044853.0,,4168535.5416666665,,4168535.5416666665,4168535.5416666665,
prefill,18,18,1,27.0,,112706478.0,,4174314.0,,4174314.0,4174314.0,
prefill,18,19,1,4.0,,16762753.0,,4190688.25,,4190688.25,4190688.25,
prefill,18,20,1,37.0,,154490966.0,,4175431.5135135134,,4175431.5135135134,4175431.5135135134,
prefill,18,21,1,4.0,,16768643.0,,4192160.75,,4192160.75,4192160.75,
prefill,18,22,1,4.0,,16767142.0,,4191785.5,,4191785.5,4191785.5,
prefill,18,23,1,26.0,,108634482.0,,4178249.3076923075,,4178249.3076923075,4178249.3076923075,
prefill,18,24,1,6.0,,25097880.0,,4182980.0,,4182980.0,4182980.0,
prefill,18,25,1,17.0,,71339888.0,,4196464.0,,4196464.0,4196464.0,
prefill,18,26,1,13.0,,54602298.0,,4200176.769230769,,4200176.769230769,4200176.769230769,
prefill,18,27,1,27.0,,112410148.0,,4163338.814814815,,4163338.814814815,4163338.814814815,
prefill,18,28,1,11.0,,45706441.0,,4155131.0,,4155131.0,4155131.0,
prefill,18,30,1,26.0,,108168980.0,,4160345.3846153845,,4160345.3846153845,4160345.3846153845,
prefill,18,31,1,21.0,,87347396.0,,4159399.8095238097,,4159399.8095238097,4159399.8095238097,
prefill,19,0,1,3.0,,12655993.0,,4218664.333333333,,4218664.333333333,4218664.333333333,
prefill,19,1,1,7.0,,29296052.0,,4185150.285714286,,4185150.285714286,4185150.285714286,
prefill,19,2,1,8.0,,33377323.0,,4172165.375,,4172165.375,4172165.375,
prefill,19,3,1,7.0,,29265569.0,,4180795.5714285714,,4180795.5714285714,4180795.5714285714,
prefill,19,4,1,25.0,,103830775.0,,4153231.0,,4153231.0,4153231.0,
prefill,19,5,1,13.0,,54091759.0,,4160904.5384615385,,4160904.5384615385,4160904.5384615385,
prefill,19,6,1,6.0,,25081100.0,,4180183.3333333335,,4180183.3333333335,4180183.3333333335,
prefill,19,7,1,33.0,,137009814.0,,4151812.5454545454,,4151812.5454545454,4151812.5454545454,
prefill,19,9,1,9.0,,37546910.0,,4171878.888888889,,4171878.888888889,4171878.888888889,
prefill,19,10,1,26.0,,108263974.0,,4163999.0,,4163999.0,4163999.0,
prefill,19,11,1,18.0,,74871635.0,,4159535.277777778,,4159535.277777778,4159535.277777778,
prefill,19,12,1,1.0,,4619144.0,,4619144.0,,4619144.0,4619144.0,
prefill,19,13,1,45.0,,186672335.0,,4148274.111111111,,4148274.111111111,4148274.111111111,
prefill,19,14,1,27.0,,112785580.0,,4177243.703703704,,4177243.703703704,4177243.703703704,
prefill,19,15,1,28.0,,116408588.0,,4157449.5714285714,,4157449.5714285714,4157449.5714285714,
prefill,19,16,1,1.0,,4630382.0,,4630382.0,,4630382.0,4630382.0,
prefill,19,17,1,1.0,,4635284.0,,4635284.0,,4635284.0,4635284.0,
prefill,19,18,1,19.0,,79248095.0,,4170952.3684210526,,4170952.3684210526,4170952.3684210526,
prefill,19,19,1,21.0,,87300090.0,,4157147.1428571427,,4157147.1428571427,4157147.1428571427,
prefill,19,20,1,18.0,,75013534.0,,4167418.5555555555,,4167418.5555555555,4167418.5555555555,
prefill,19,21,1,3.0,,12653727.0,,4217909.0,,4217909.0,4217909.0,
prefill,19,22,1,7.0,,29271096.0,,4181585.1428571427,,4181585.1428571427,4181585.1428571427,
prefill,19,23,1,3.0,,12663501.0,,4221167.0,,4221167.0,4221167.0,
prefill,19,24,1,19.0,,79002937.0,,4158049.3157894737,,4158049.3157894737,4158049.3157894737,
prefill,19,25,1,27.0,,112231705.0,,4156729.814814815,,4156729.814814815,4156729.814814815,
prefill,19,26,1,8.0,,33285547.0,,4160693.375,,4160693.375,4160693.375,
prefill,19,27,1,9.0,,37527857.0,,4169761.888888889,,4169761.888888889,4169761.888888889,
prefill,19,28,1,19.0,,78919022.0,,4153632.736842105,,4153632.736842105,4153632.736842105,
prefill,19,29,1,16.0,,66736316.0,,4171019.75,,4171019.75,4171019.75,
prefill,19,30,1,22.0,,91617549.0,,4164434.0454545454,,4164434.0454545454,4164434.0454545454,
prefill,19,31,1,7.0,,29311275.0,,4187325.0,,4187325.0,4187325.0,
prefill,20,0,1,28.0,,116364715.0,,4155882.6785714286,,4155882.6785714286,4155882.6785714286,
prefill,20,1,1,35.0,,145193025.0,,4148372.1428571427,,4148372.1428571427,4148372.1428571427,
prefill,20,2,1,3.0,,12689667.0,,4229889.0,,4229889.0,4229889.0,
prefill,20,3,1,17.0,,70803861.0,,4164933.0,,4164933.0,4164933.0,
prefill,20,4,1,1.0,,4616699.0,,4616699.0,,4616699.0,4616699.0,
prefill,20,5,1,18.0,,75154849.0,,4175269.388888889,,4175269.388888889,4175269.388888889,
prefill,20,6,1,5.0,,21081647.0,,4216329.4,,4216329.4,4216329.4,
prefill,20,7,1,25.0,,103924490.0,,4156979.6,,4156979.6,4156979.6,
prefill,20,8,1,10.0,,41609058.0,,4160905.8,,4160905.8,4160905.8,
prefill,20,9,1,9.0,,37549067.0,,4172118.5555555555,,4172118.5555555555,4172118.5555555555,
prefill,20,10,1,12.0,,49819086.0,,4151590.5,,4151590.5,4151590.5,
prefill,20,11,1,14.0,,58611576.0,,4186541.1428571427,,4186541.1428571427,4186541.1428571427,
prefill,20,12,1,22.0,,91742122.0,,4170096.4545454546,,4170096.4545454546,4170096.4545454546,
prefill,20,13,1,19.0,,79088283.0,,4162541.210526316,,4162541.210526316,4162541.210526316,
prefill,20,14,1,1.0,,4616548.0,,4616548.0,,4616548.0,4616548.0,
prefill,20,15,1,15.0,,62355113.0,,4157007.533333333,,4157007.533333333,4157007.533333333,
prefill,20,16,1,18.0,,74929441.0,,4162746.722222222,,4162746.722222222,4162746.722222222,
prefill,20,17,1,18.0,,75206479.0,,4178137.722222222,,4178137.722222222,4178137.722222222,
prefill,20,18,1,22.0,,91316956.0,,4150770.727272727,,4150770.727272727,4150770.727272727,
prefill,20,19,1,4.0,,16784731.0,,4196182.75,,4196182.75,4196182.75,
prefill,20,20,1,30.0,,124429783.0,,4147659.433333333,,4147659.433333333,4147659.433333333,
prefill,20,21,1,30.0,,124498394.0,,4149946.466666667,,4149946.466666667,4149946.466666667,
prefill,20,22,1,3.0,,12632771.0,,4210923.666666667,,4210923.666666667,4210923.666666667,
prefill,20,23,1,23.0,,95549029.0,,4154305.6086956523,,4154305.6086956523,4154305.6086956523,
prefill,20,24,1,11.0,,45772820.0,,4161165.4545454546,,4161165.4545454546,4161165.4545454546,
prefill,20,25,1,1.0,,4629102.0,,4629102.0,,4629102.0,4629102.0,
prefill,20,26,1,16.0,,66405075.0,,4150317.1875,,4150317.1875,4150317.1875,
prefill,20,27,1,5.0,,21127087.0,,4225417.4,,4225417.4,4225417.4,
prefill,20,28,1,25.0,,103872082.0,,4154883.28,,4154883.28,4154883.28,
prefill,20,29,1,6.0,,25049947.0,,4174991.1666666665,,4174991.1666666665,4174991.1666666665,
prefill,20,30,1,1.0,,4620126.0,,4620126.0,,4620126.0,4620126.0,
prefill,20,31,1,9.0,,37567296.0,,4174144.0,,4174144.0,4174144.0,
prefill,21,0,1,17.0,,71021244.0,,4177720.2352941176,,4177720.2352941176,4177720.2352941176,
prefill,21,1,1,18.0,,74876284.0,,4159793.5555555555,,4159793.5555555555,4159793.5555555555,
prefill,21,2,1,38.0,,157696835.0,,4149916.710526316,,4149916.710526316,4149916.710526316,
prefill,21,3,1,2.0,,8555506.0,,4277753.0,,4277753.0,4277753.0,
prefill,21,4,1,11.0,,45718244.0,,4156204.0,,4156204.0,4156204.0,
prefill,21,5,1,23.0,,95497784.0,,4152077.565217391,,4152077.565217391,4152077.565217391,
prefill,21,6,1,4.0,,16776181.0,,4194045.25,,4194045.25,4194045.25,
prefill,21,7,1,2.0,,8643609.0,,4321804.5,,4321804.5,4321804.5,
prefill,21,8,1,3.0,,12664198.0,,4221399.333333333,,4221399.333333333,4221399.333333333,
prefill,21,9,1,11.0,,45868314.0,,4169846.727272727,,4169846.727272727,4169846.727272727,
prefill,21,10,1,5.0,,21086827.0,,4217365.4,,4217365.4,4217365.4,
prefill,21,11,1,8.0,,33349527.0,,4168690.875,,4168690.875,4168690.875,
prefill,21,12,1,23.0,,95410279.0,,4148273.0,,4148273.0,4148273.0,
prefill,21,13,1,27.0,,112213915.0,,4156070.925925926,,4156070.925925926,4156070.925925926,
prefill,21,14,1,2.0,,8566842.0,,4283421.0,,4283421.0,4283421.0,
prefill,21,15,1,3.0,,12636795.0,,4212265.0,,4212265.0,4212265.0,
prefill,21,16,1,9.0,,37524852.0,,4169428.0,,4169428.0,4169428.0,
prefill,21,17,1,27.0,,112499939.0,,4166664.407407407,,4166664.407407407,4166664.407407407,
prefill,21,18,1,1.0,,4624041.0,,4624041.0,,4624041.0,4624041.0,
prefill,21,19,1,18.0,,74914266.0,,4161903.6666666665,,4161903.6666666665,4161903.6666666665,
prefill,21,21,1,30.0,,124470132.0,,4149004.4,,4149004.4,4149004.4,
prefill,21,22,1,10.0,,41697013.0,,4169701.3,,4169701.3,4169701.3,
prefill,21,23,1,29.0,,120255413.0,,4146738.379310345,,4146738.379310345,4146738.379310345,
prefill,21,24,1,10.0,,41642000.0,,4164200.0,,4164200.0,4164200.0,
prefill,21,25,1,18.0,,74893635.0,,4160757.5,,4160757.5,4160757.5,
prefill,21,26,1,36.0,,149424699.0,,4150686.0833333335,,4150686.0833333335,4150686.0833333335,
prefill,21,27,1,4.0,,16775351.0,,4193837.75,,4193837.75,4193837.75,
prefill,21,28,1,1.0,,4619923.0,,4619923.0,,4619923.0,4619923.0,
prefill,21,29,1,17.0,,70777701.0,,4163394.1764705884,,4163394.1764705884,4163394.1764705884,
prefill,21,30,1,21.0,,87281653.0,,4156269.1904761903,,4156269.1904761903,4156269.1904761903,
prefill,21,31,1,28.0,,116363096.0,,4155824.8571428573,,4155824.8571428573,4155824.8571428573,
prefill,22,0,1,9.0,,37572433.0,,4174714.777777778,,4174714.777777778,4174714.777777778,
prefill,22,1,1,2.0,,8602030.0,,4301015.0,,4301015.0,4301015.0,
prefill,22,2,1,5.0,,21035183.0,,4207036.6,,4207036.6,4207036.6,
prefill,22,3,1,41.0,,170284220.0,,4153273.6585365855,,4153273.6585365855,4153273.6585365855,
prefill,22,4,1,4.0,,16764552.0,,4191138.0,,4191138.0,4191138.0,
prefill,22,5,1,3.0,,12709161.0,,4236387.0,,4236387.0,4236387.0,
prefill,22,8,1,18.0,,74862958.0,,4159053.222222222,,4159053.222222222,4159053.222222222,
prefill,22,9,1,41.0,,170946931.0,,4169437.3414634145,,4169437.3414634145,4169437.3414634145,
prefill,22,10,1,12.0,,49924855.0,,4160404.5833333335,,4160404.5833333335,4160404.5833333335,
prefill,22,11,1,1.0,,4619716.0,,4619716.0,,4619716.0,4619716.0,
prefill,22,12,1,24.0,,99715832.0,,4154826.3333333335,,4154826.3333333335,4154826.3333333335,
prefill,22,13,1,3.0,,12673402.0,,4224467.333333333,,4224467.333333333,4224467.333333333,
prefill,22,14,1,1.0,,4631177.0,,4631177.0,,4631177.0,4631177.0,
prefill,22,15,1,31.0,,128919788.0,,4158702.8387096776,,4158702.8387096776,4158702.8387096776,
prefill,22,16,1,3.0,,12656974.0,,4218991.333333333,,4218991.333333333,4218991.333333333,
prefill,22,18,1,2.0,,8648834.0,,4324417.0,,4324417.0,4324417.0,
prefill,22,19,1,25.0,,103905533.0,,4156221.32,,4156221.32,4156221.32,
prefill,22,20,1,17.0,,71564457.0,,4209673.94117647,,4209673.94117647,4209673.94117647,
prefill,22,21,1,29.0,,120458692.0,,4153748.0,,4153748.0,4153748.0,
prefill,22,22,1,22.0,,91641825.0,,4165537.5,,4165537.5,4165537.5,
prefill,22,23,1,2.0,,8572891.0,,4286445.5,,4286445.5,4286445.5,
prefill,22,24,1,20.0,,83160526.0,,4158026.3,,4158026.3,4158026.3,
prefill,22,25,1,28.0,,116567271.0,,4163116.8214285714,,4163116.8214285714,4163116.8214285714,
prefill,22,26,1,19.0,,79004540.0,,4158133.6842105263,,4158133.6842105263,4158133.6842105263,
prefill,22,28,1,47.0,,194913434.0,,4147094.340425532,,4147094.340425532,4147094.340425532,
prefill,22,29,1,18.0,,75112230.0,,4172901.6666666665,,4172901.6666666665,4172901.6666666665,
prefill,22,31,1,29.0,,120519410.0,,4155841.724137931,,4155841.724137931,4155841.724137931,
prefill,23,0,1,1.0,,4806935.0,,4806935.0,,4806935.0,4806935.0,
prefill,23,10,1,1.0,,4633867.0,,4633867.0,,4633867.0,4633867.0,
prefill,23,12,1,1.0,,4635455.0,,4635455.0,,4635455.0,4635455.0,
prefill,23,16,1,1.0,,4635059.0,,4635059.0,,4635059.0,4635059.0,
prefill,23,18,1,1.0,,4635176.0,,4635176.0,,4635176.0,4635176.0,
prefill,23,27,1,1.0,,4646668.0,,4646668.0,,4646668.0,4646668.0,
prefill,23,30,1,1.0,,4635177.0,,4635177.0,,4635177.0,4635177.0,
prefill,23,31,1,1.0,,4634903.0,,4634903.0,,4634903.0,4634903.0,
