phase,layer,expert,load,matrix_ops,cycle_source,cycle_delta,run,source_file,line_number,cycles_per_token
prefill,0,0,10,1,rdtsc,199839589,run_001:phi-mini-expert.log,/home/classified56/llama.cpp/phi-mini-expert.log,577,19983958.9
prefill,0,1,12,1,rdtsc,238389217,run_001:phi-mini-expert.log,/home/classified56/llama.cpp/phi-mini-expert.log,578,19865768.083333332
prefill,0,2,6,1,rdtsc,116824502,run_001:phi-mini-expert.log,/home/classified56/llama.cpp/phi-mini-expert.log,579,19470750.333333332
prefill,0,3,7,1,rdtsc,139428310,run_001:phi-mini-expert.log,/home/classified56/llama.cpp/phi-mini-expert.log,580,19918330.0
prefill,0,4,9,1,rdtsc,175681013,run_001:phi-mini-expert.log,/home/classified56/llama.cpp/phi-mini-expert.log,581,19520112.555555556
prefill,0,5,2,1,rdtsc,39409156,run_001:phi-mini-expert.log,/home/classified56/llama.cpp/phi-mini-expert.log,582,19704578.0
prefill,0,6,2,1,rdtsc,39535454,run_001:phi-mini-expert.log,/home/classified56/llama.cpp/phi-mini-expert.log,583,19767727.0
prefill,0,7,2,1,rdtsc,39896354,run_001:phi-mini-expert.log,/home/classified56/llama.cpp/phi-mini-expert.log,584,19948177.0
prefill,0,8,10,1,rdtsc,200572413,run_001:phi-mini-expert.log,/home/classified56/llama.cpp/phi-mini-expert.log,585,20057241.3
prefill,0,9,2,1,rdtsc,39426353,run_001:phi-mini-expert.log,/home/classified56/llama.cpp/phi-mini-expert.log,586,19713176.5
prefill,0,10,10,1,rdtsc,197482379,run_001:phi-mini-expert.log,/home/classified56/llama.cpp/phi-mini-expert.log,587,19748237.9
prefill,0,11,20,1,rdtsc,392352574,run_001:phi-mini-expert.log,/home/classified56/llama.cpp/phi-mini-expert.log,588,19617628.7
prefill,0,12,2,1,rdtsc,39411314,run_001:phi-mini-expert.log,/home/classified56/llama.cpp/phi-mini-expert.log,589,19705657.0
prefill,0,13,1,1,rdtsc,20047572,run_001:phi-mini-expert.log,/home/classified56/llama.cpp/phi-mini-expert.log,590,20047572.0
prefill,0,14,5,1,rdtsc,98081134,run_001:phi-mini-expert.log,/home/classified56/llama.cpp/phi-mini-expert.log,591,19616226.8
prefill,0,15,12,1,rdtsc,234319372,run_001:phi-mini-expert.log,/home/classified56/llama.cpp/phi-mini-expert.log,592,19526614.333333332
prefill,1,0,10,1,rdtsc,195007240,run_001:phi-mini-expert.log,/home/classified56/llama.cpp/phi-mini-expert.log,593,19500724.0
prefill,1,1,8,1,rdtsc,155758652,run_001:phi-mini-expert.log,/home/classified56/llama.cpp/phi-mini-expert.log,594,19469831.5
prefill,1,2,11,1,rdtsc,214424223,run_001:phi-mini-expert.log,/home/classified56/llama.cpp/phi-mini-expert.log,595,19493111.181818184
prefill,1,3,1,1,rdtsc,20091503,run_001:phi-mini-expert.log,/home/classified56/llama.cpp/phi-mini-expert.log,596,20091503.0
prefill,1,4,22,1,rdtsc,428807155,run_001:phi-mini-expert.log,/home/classified56/llama.cpp/phi-mini-expert.log,597,19491234.318181816
prefill,1,5,10,1,rdtsc,195313501,run_001:phi-mini-expert.log,/home/classified56/llama.cpp/phi-mini-expert.log,598,19531350.1
prefill,1,6,5,1,rdtsc,98768011,run_001:phi-mini-expert.log,/home/classified56/llama.cpp/phi-mini-expert.log,599,19753602.2
prefill,1,7,2,1,rdtsc,39931411,run_001:phi-mini-expert.log,/home/classified56/llama.cpp/phi-mini-expert.log,600,19965705.5
prefill,1,8,10,1,rdtsc,195446831,run_001:phi-mini-expert.log,/home/classified56/llama.cpp/phi-mini-expert.log,601,19544683.1
prefill,1,9,6,1,rdtsc,117636059,run_001:phi-mini-expert.log,/home/classified56/llama.cpp/phi-mini-expert.log,602,19606009.833333332
prefill,1,10,3,1,rdtsc,59091495,run_001:phi-mini-expert.log,/home/classified56/llama.cpp/phi-mini-expert.log,603,19697165.0
prefill,1,11,6,1,rdtsc,117444934,run_001:phi-mini-expert.log,/home/classified56/llama.cpp/phi-mini-expert.log,604,19574155.666666668
prefill,1,12,4,1,rdtsc,78189732,run_001:phi-mini-expert.log,/home/classified56/llama.cpp/phi-mini-expert.log,605,19547433.0
prefill,1,13,5,1,rdtsc,97911213,run_001:phi-mini-expert.log,/home/classified56/llama.cpp/phi-mini-expert.log,606,19582242.6
prefill,1,14,3,1,rdtsc,58637980,run_001:phi-mini-expert.log,/home/classified56/llama.cpp/phi-mini-expert.log,607,19545993.333333332
prefill,1,15,6,1,rdtsc,119028232,run_001:phi-mini-expert.log,/home/classified56/llama.cpp/phi-mini-expert.log,608,19838038.666666668
prefill,2,0,3,1,rdtsc,58783605,run_001:phi-mini-expert.log,/home/classified56/llama.cpp/phi-mini-expert.log,609,19594535.0
prefill,2,1,12,1,rdtsc,234099067,run_001:phi-mini-expert.log,/home/classified56/llama.cpp/phi-mini-expert.log,610,19508255.583333332
prefill,2,2,4,1,rdtsc,78259245,run_001:phi-mini-expert.log,/home/classified56/llama.cpp/phi-mini-expert.log,611,19564811.25
prefill,2,3,2,1,rdtsc,39606700,run_001:phi-mini-expert.log,/home/classified56/llama.cpp/phi-mini-expert.log,612,19803350.0
prefill,2,4,4,1,rdtsc,78308326,run_001:phi-mini-expert.log,/home/classified56/llama.cpp/phi-mini-expert.log,613,19577081.5
prefill,2,5,9,1,rdtsc,175198677,run_001:phi-mini-expert.log,/home/classified56/llama.cpp/phi-mini-expert.log,614,19466519.666666668
prefill,2,6,17,1,rdtsc,331780938,run_001:phi-mini-expert.log,/home/classified56/llama.cpp/phi-mini-expert.log,615,19516525.76470588
prefill,2,7,6,1,rdtsc,117360387,run_001:phi-mini-expert.log,/home/classified56/llama.cpp/phi-mini-expert.log,616,19560064.5
prefill,2,8,3,1,rdtsc,58639181,run_001:phi-mini-expert.log,/home/classified56/llama.cpp/phi-mini-expert.log,617,19546393.666666668
prefill,2,9,3,1,rdtsc,58740004,run_001:phi-mini-expert.log,/home/classified56/llama.cpp/phi-mini-expert.log,618,19580001.333333332
prefill,2,10,1,1,rdtsc,20036106,run_001:phi-mini-expert.log,/home/classified56/llama.cpp/phi-mini-expert.log,619,20036106.0
prefill,2,11,6,1,rdtsc,117200537,run_001:phi-mini-expert.log,/home/classified56/llama.cpp/phi-mini-expert.log,620,19533422.833333332
prefill,2,12,10,1,rdtsc,196670409,run_001:phi-mini-expert.log,/home/classified56/llama.cpp/phi-mini-expert.log,621,19667040.9
prefill,2,13,11,1,rdtsc,214326814,run_001:phi-mini-expert.log,/home/classified56/llama.cpp/phi-mini-expert.log,622,19484255.818181816
prefill,2,14,14,1,rdtsc,272731215,run_001:phi-mini-expert.log,/home/classified56/llama.cpp/phi-mini-expert.log,623,19480801.07142857
prefill,2,15,7,1,rdtsc,137759615,run_001:phi-mini-expert.log,/home/classified56/llama.cpp/phi-mini-expert.log,624,19679945.0
prefill,3,0,4,1,rdtsc,78594142,run_001:phi-mini-expert.log,/home/classified56/llama.cpp/phi-mini-expert.log,625,19648535.5
prefill,3,1,8,1,rdtsc,155784217,run_001:phi-mini-expert.log,/home/classified56/llama.cpp/phi-mini-expert.log,626,19473027.125
prefill,3,2,5,1,rdtsc,98166332,run_001:phi-mini-expert.log,/home/classified56/llama.cpp/phi-mini-expert.log,627,19633266.4
prefill,3,3,7,1,rdtsc,136718526,run_001:phi-mini-expert.log,/home/classified56/llama.cpp/phi-mini-expert.log,628,19531218.0
prefill,3,4,5,1,rdtsc,97685067,run_001:phi-mini-expert.log,/home/classified56/llama.cpp/phi-mini-expert.log,629,19537013.4
prefill,3,5,13,1,rdtsc,253616028,run_001:phi-mini-expert.log,/home/classified56/llama.cpp/phi-mini-expert.log,630,19508925.230769232
prefill,3,6,21,1,rdtsc,408585953,run_001:phi-mini-expert.log,/home/classified56/llama.cpp/phi-mini-expert.log,631,19456473.95238095
prefill,3,7,15,1,rdtsc,292622216,run_001:phi-mini-expert.log,/home/classified56/llama.cpp/phi-mini-expert.log,632,19508147.733333334
prefill,3,8,7,1,rdtsc,137589967,run_001:phi-mini-expert.log,/home/classified56/llama.cpp/phi-mini-expert.log,633,19655709.57142857
prefill,3,9,4,1,rdtsc,78973848,run_001:phi-mini-expert.log,/home/classified56/llama.cpp/phi-mini-expert.log,634,19743462.0
prefill,3,10,0,0,rdtsc,0,run_001:phi-mini-expert.log,/home/classified56/llama.cpp/phi-mini-expert.log,635,
prefill,3,11,4,1,rdtsc,78268140,run_001:phi-mini-expert.log,/home/classified56/llama.cpp/phi-mini-expert.log,636,19567035.0
prefill,3,12,2,1,rdtsc,39688450,run_001:phi-mini-expert.log,/home/classified56/llama.cpp/phi-mini-expert.log,637,19844225.0
prefill,3,13,13,1,rdtsc,253532722,run_001:phi-mini-expert.log,/home/classified56/llama.cpp/phi-mini-expert.log,638,19502517.076923076
prefill,3,14,2,1,rdtsc,39419999,run_001:phi-mini-expert.log,/home/classified56/llama.cpp/phi-mini-expert.log,639,19709999.5
prefill,3,15,2,1,rdtsc,39642221,run_001:phi-mini-expert.log,/home/classified56/llama.cpp/phi-mini-expert.log,640,19821110.5
prefill,4,0,4,0,rdtsc,0,run_001:phi-mini-expert.log,/home/classified56/llama.cpp/phi-mini-expert.log,641,0.0
prefill,4,1,7,0,rdtsc,0,run_001:phi-mini-expert.log,/home/classified56/llama.cpp/phi-mini-expert.log,642,0.0
prefill,4,2,9,0,rdtsc,0,run_001:phi-mini-expert.log,/home/classified56/llama.cpp/phi-mini-expert.log,643,0.0
prefill,4,3,0,0,rdtsc,0,run_001:phi-mini-expert.log,/home/classified56/llama.cpp/phi-mini-expert.log,644,
prefill,4,4,1,0,rdtsc,0,run_001:phi-mini-expert.log,/home/classified56/llama.cpp/phi-mini-expert.log,645,0.0
prefill,4,5,3,0,rdtsc,0,run_001:phi-mini-expert.log,/home/classified56/llama.cpp/phi-mini-expert.log,646,0.0
prefill,4,6,9,0,rdtsc,0,run_001:phi-mini-expert.log,/home/classified56/llama.cpp/phi-mini-expert.log,647,0.0
prefill,4,7,6,0,rdtsc,0,run_001:phi-mini-expert.log,/home/classified56/llama.cpp/phi-mini-expert.log,648,0.0
prefill,4,8,11,0,rdtsc,0,run_001:phi-mini-expert.log,/home/classified56/llama.cpp/phi-mini-expert.log,649,0.0
prefill,4,9,7,0,rdtsc,0,run_001:phi-mini-expert.log,/home/classified56/llama.cpp/phi-mini-expert.log,650,0.0
prefill,4,10,13,0,rdtsc,0,run_001:phi-mini-expert.log,/home/classified56/llama.cpp/phi-mini-expert.log,651,0.0
prefill,4,11,22,0,rdtsc,0,run_001:phi-mini-expert.log,/home/classified56/llama.cpp/phi-mini-expert.log,652,0.0
prefill,4,12,0,0,rdtsc,0,run_001:phi-mini-expert.log,/home/classified56/llama.cpp/phi-mini-expert.log,653,
prefill,4,13,2,0,rdtsc,0,run_001:phi-mini-expert.log,/home/classified56/llama.cpp/phi-mini-expert.log,654,0.0
prefill,4,14,1,0,rdtsc,0,run_001:phi-mini-expert.log,/home/classified56/llama.cpp/phi-mini-expert.log,655,0.0
prefill,4,15,17,0,rdtsc,0,run_001:phi-mini-expert.log,/home/classified56/llama.cpp/phi-mini-expert.log,656,0.0
prefill,5,0,17,0,rdtsc,0,run_001:phi-mini-expert.log,/home/classified56/llama.cpp/phi-mini-expert.log,657,0.0
prefill,5,1,5,0,rdtsc,0,run_001:phi-mini-expert.log,/home/classified56/llama.cpp/phi-mini-expert.log,658,0.0
prefill,5,2,3,0,rdtsc,0,run_001:phi-mini-expert.log,/home/classified56/llama.cpp/phi-mini-expert.log,659,0.0
prefill,5,3,1,0,rdtsc,0,run_001:phi-mini-expert.log,/home/classified56/llama.cpp/phi-mini-expert.log,660,0.0
prefill,5,4,10,0,rdtsc,0,run_001:phi-mini-expert.log,/home/classified56/llama.cpp/phi-mini-expert.log,661,0.0
prefill,5,5,7,0,rdtsc,0,run_001:phi-mini-expert.log,/home/classified56/llama.cpp/phi-mini-expert.log,662,0.0
prefill,5,6,2,0,rdtsc,0,run_001:phi-mini-expert.log,/home/classified56/llama.cpp/phi-mini-expert.log,663,0.0
prefill,5,7,28,0,rdtsc,0,run_001:phi-mini-expert.log,/home/classified56/llama.cpp/phi-mini-expert.log,664,0.0
prefill,5,8,0,0,rdtsc,0,run_001:phi-mini-expert.log,/home/classified56/llama.cpp/phi-mini-expert.log,665,
prefill,5,9,3,0,rdtsc,0,run_001:phi-mini-expert.log,/home/classified56/llama.cpp/phi-mini-expert.log,666,0.0
prefill,5,10,4,0,rdtsc,0,run_001:phi-mini-expert.log,/home/classified56/llama.cpp/phi-mini-expert.log,667,0.0
prefill,5,11,6,0,rdtsc,0,run_001:phi-mini-expert.log,/home/classified56/llama.cpp/phi-mini-expert.log,668,0.0
prefill,5,12,14,0,rdtsc,0,run_001:phi-mini-expert.log,/home/classified56/llama.cpp/phi-mini-expert.log,669,0.0
prefill,5,13,2,0,rdtsc,0,run_001:phi-mini-expert.log,/home/classified56/llama.cpp/phi-mini-expert.log,670,0.0
prefill,5,14,7,0,rdtsc,0,run_001:phi-mini-expert.log,/home/classified56/llama.cpp/phi-mini-expert.log,671,0.0
prefill,5,15,3,0,rdtsc,0,run_001:phi-mini-expert.log,/home/classified56/llama.cpp/phi-mini-expert.log,672,0.0
prefill,6,0,1,0,rdtsc,0,run_001:phi-mini-expert.log,/home/classified56/llama.cpp/phi-mini-expert.log,673,0.0
prefill,6,1,25,0,rdtsc,0,run_001:phi-mini-expert.log,/home/classified56/llama.cpp/phi-mini-expert.log,674,0.0
prefill,6,2,0,0,rdtsc,0,run_001:phi-mini-expert.log,/home/classified56/llama.cpp/phi-mini-expert.log,675,
prefill,6,3,6,0,rdtsc,0,run_001:phi-mini-expert.log,/home/classified56/llama.cpp/phi-mini-expert.log,676,0.0
prefill,6,4,7,0,rdtsc,0,run_001:phi-mini-expert.log,/home/classified56/llama.cpp/phi-mini-expert.log,677,0.0
prefill,6,5,3,0,rdtsc,0,run_001:phi-mini-expert.log,/home/classified56/llama.cpp/phi-mini-expert.log,678,0.0
prefill,6,6,5,0,rdtsc,0,run_001:phi-mini-expert.log,/home/classified56/llama.cpp/phi-mini-expert.log,679,0.0
prefill,6,7,10,0,rdtsc,0,run_001:phi-mini-expert.log,/home/classified56/llama.cpp/phi-mini-expert.log,680,0.0
prefill,6,8,5,0,rdtsc,0,run_001:phi-mini-expert.log,/home/classified56/llama.cpp/phi-mini-expert.log,681,0.0
prefill,6,9,3,0,rdtsc,0,run_001:phi-mini-expert.log,/home/classified56/llama.cpp/phi-mini-expert.log,682,0.0
prefill,6,10,9,0,rdtsc,0,run_001:phi-mini-expert.log,/home/classified56/llama.cpp/phi-mini-expert.log,683,0.0
prefill,6,11,8,0,rdtsc,0,run_001:phi-mini-expert.log,/home/classified56/llama.cpp/phi-mini-expert.log,684,0.0
prefill,6,12,12,0,rdtsc,0,run_001:phi-mini-expert.log,/home/classified56/llama.cpp/phi-mini-expert.log,685,0.0
prefill,6,13,16,0,rdtsc,0,run_001:phi-mini-expert.log,/home/classified56/llama.cpp/phi-mini-expert.log,686,0.0
prefill,6,14,0,0,rdtsc,0,run_001:phi-mini-expert.log,/home/classified56/llama.cpp/phi-mini-expert.log,687,
prefill,6,15,2,0,rdtsc,0,run_001:phi-mini-expert.log,/home/classified56/llama.cpp/phi-mini-expert.log,688,0.0
prefill,7,0,2,0,rdtsc,0,run_001:phi-mini-expert.log,/home/classified56/llama.cpp/phi-mini-expert.log,689,0.0
prefill,7,1,30,0,rdtsc,0,run_001:phi-mini-expert.log,/home/classified56/llama.cpp/phi-mini-expert.log,690,0.0
prefill,7,2,7,0,rdtsc,0,run_001:phi-mini-expert.log,/home/classified56/llama.cpp/phi-mini-expert.log,691,0.0
prefill,7,3,2,0,rdtsc,0,run_001:phi-mini-expert.log,/home/classified56/llama.cpp/phi-mini-expert.log,692,0.0
prefill,7,4,6,0,rdtsc,0,run_001:phi-mini-expert.log,/home/classified56/llama.cpp/phi-mini-expert.log,693,0.0
prefill,7,5,1,0,rdtsc,0,run_001:phi-mini-expert.log,/home/classified56/llama.cpp/phi-mini-expert.log,694,0.0
prefill,7,6,2,0,rdtsc,0,run_001:phi-mini-expert.log,/home/classified56/llama.cpp/phi-mini-expert.log,695,0.0
prefill,7,7,6,0,rdtsc,0,run_001:phi-mini-expert.log,/home/classified56/llama.cpp/phi-mini-expert.log,696,0.0
prefill,7,8,2,0,rdtsc,0,run_001:phi-mini-expert.log,/home/classified56/llama.cpp/phi-mini-expert.log,697,0.0
prefill,7,9,2,0,rdtsc,0,run_001:phi-mini-expert.log,/home/classified56/llama.cpp/phi-mini-expert.log,698,0.0
prefill,7,10,15,0,rdtsc,0,run_001:phi-mini-expert.log,/home/classified56/llama.cpp/phi-mini-expert.log,699,0.0
prefill,7,11,5,0,rdtsc,0,run_001:phi-mini-expert.log,/home/classified56/llama.cpp/phi-mini-expert.log,700,0.0
prefill,7,12,7,0,rdtsc,0,run_001:phi-mini-expert.log,/home/classified56/llama.cpp/phi-mini-expert.log,701,0.0
prefill,7,13,1,0,rdtsc,0,run_001:phi-mini-expert.log,/home/classified56/llama.cpp/phi-mini-expert.log,702,0.0
prefill,7,14,17,0,rdtsc,0,run_001:phi-mini-expert.log,/home/classified56/llama.cpp/phi-mini-expert.log,703,0.0
prefill,7,15,7,0,rdtsc,0,run_001:phi-mini-expert.log,/home/classified56/llama.cpp/phi-mini-expert.log,704,0.0
prefill,8,0,2,0,rdtsc,0,run_001:phi-mini-expert.log,/home/classified56/llama.cpp/phi-mini-expert.log,705,0.0
prefill,8,1,8,0,rdtsc,0,run_001:phi-mini-expert.log,/home/classified56/llama.cpp/phi-mini-expert.log,706,0.0
prefill,8,2,12,0,rdtsc,0,run_001:phi-mini-expert.log,/home/classified56/llama.cpp/phi-mini-expert.log,707,0.0
prefill,8,3,6,0,rdtsc,0,run_001:phi-mini-expert.log,/home/classified56/llama.cpp/phi-mini-expert.log,708,0.0
prefill,8,4,0,0,rdtsc,0,run_001:phi-mini-expert.log,/home/classified56/llama.cpp/phi-mini-expert.log,709,
prefill,8,5,11,0,rdtsc,0,run_001:phi-mini-expert.log,/home/classified56/llama.cpp/phi-mini-expert.log,710,0.0
prefill,8,6,3,0,rdtsc,0,run_001:phi-mini-expert.log,/home/classified56/llama.cpp/phi-mini-expert.log,711,0.0
prefill,8,7,8,0,rdtsc,0,run_001:phi-mini-expert.log,/home/classified56/llama.cpp/phi-mini-expert.log,712,0.0
prefill,8,8,9,0,rdtsc,0,run_001:phi-mini-expert.log,/home/classified56/llama.cpp/phi-mini-expert.log,713,0.0
prefill,8,9,0,0,rdtsc,0,run_001:phi-mini-expert.log,/home/classified56/llama.cpp/phi-mini-expert.log,714,
prefill,8,10,3,0,rdtsc,0,run_001:phi-mini-expert.log,/home/classified56/llama.cpp/phi-mini-expert.log,715,0.0
prefill,8,11,9,0,rdtsc,0,run_001:phi-mini-expert.log,/home/classified56/llama.cpp/phi-mini-expert.log,716,0.0
prefill,8,12,2,0,rdtsc,0,run_001:phi-mini-expert.log,/home/classified56/llama.cpp/phi-mini-expert.log,717,0.0
prefill,8,13,20,0,rdtsc,0,run_001:phi-mini-expert.log,/home/classified56/llama.cpp/phi-mini-expert.log,718,0.0
prefill,8,14,17,0,rdtsc,0,run_001:phi-mini-expert.log,/home/classified56/llama.cpp/phi-mini-expert.log,719,0.0
prefill,8,15,2,0,rdtsc,0,run_001:phi-mini-expert.log,/home/classified56/llama.cpp/phi-mini-expert.log,720,0.0
prefill,9,0,2,0,rdtsc,0,run_001:phi-mini-expert.log,/home/classified56/llama.cpp/phi-mini-expert.log,721,0.0
prefill,9,1,7,0,rdtsc,0,run_001:phi-mini-expert.log,/home/classified56/llama.cpp/phi-mini-expert.log,722,0.0
prefill,9,2,3,0,rdtsc,0,run_001:phi-mini-expert.log,/home/classified56/llama.cpp/phi-mini-expert.log,723,0.0
prefill,9,3,0,0,rdtsc,0,run_001:phi-mini-expert.log,/home/classified56/llama.cpp/phi-mini-expert.log,724,
prefill,9,4,12,0,rdtsc,0,run_001:phi-mini-expert.log,/home/classified56/llama.cpp/phi-mini-expert.log,725,0.0
prefill,9,5,7,0,rdtsc,0,run_001:phi-mini-expert.log,/home/classified56/llama.cpp/phi-mini-expert.log,726,0.0
prefill,9,6,26,0,rdtsc,0,run_001:phi-mini-expert.log,/home/classified56/llama.cpp/phi-mini-expert.log,727,0.0
prefill,9,7,1,0,rdtsc,0,run_001:phi-mini-expert.log,/home/classified56/llama.cpp/phi-mini-expert.log,728,0.0
prefill,9,8,1,0,rdtsc,0,run_001:phi-mini-expert.log,/home/classified56/llama.cpp/phi-mini-expert.log,729,0.0
prefill,9,9,3,0,rdtsc,0,run_001:phi-mini-expert.log,/home/classified56/llama.cpp/phi-mini-expert.log,730,0.0
prefill,9,10,26,0,rdtsc,0,run_001:phi-mini-expert.log,/home/classified56/llama.cpp/phi-mini-expert.log,731,0.0
prefill,9,11,2,0,rdtsc,0,run_001:phi-mini-expert.log,/home/classified56/llama.cpp/phi-mini-expert.log,732,0.0
prefill,9,12,11,0,rdtsc,0,run_001:phi-mini-expert.log,/home/classified56/llama.cpp/phi-mini-expert.log,733,0.0
prefill,9,13,5,0,rdtsc,0,run_001:phi-mini-expert.log,/home/classified56/llama.cpp/phi-mini-expert.log,734,0.0
prefill,9,14,2,0,rdtsc,0,run_001:phi-mini-expert.log,/home/classified56/llama.cpp/phi-mini-expert.log,735,0.0
prefill,9,15,4,0,rdtsc,0,run_001:phi-mini-expert.log,/home/classified56/llama.cpp/phi-mini-expert.log,736,0.0
prefill,10,0,0,0,rdtsc,0,run_001:phi-mini-expert.log,/home/classified56/llama.cpp/phi-mini-expert.log,737,
prefill,10,1,8,0,rdtsc,0,run_001:phi-mini-expert.log,/home/classified56/llama.cpp/phi-mini-expert.log,738,0.0
prefill,10,2,3,0,rdtsc,0,run_001:phi-mini-expert.log,/home/classified56/llama.cpp/phi-mini-expert.log,739,0.0
prefill,10,3,5,0,rdtsc,0,run_001:phi-mini-expert.log,/home/classified56/llama.cpp/phi-mini-expert.log,740,0.0
prefill,10,4,14,0,rdtsc,0,run_001:phi-mini-expert.log,/home/classified56/llama.cpp/phi-mini-expert.log,741,0.0
prefill,10,5,0,0,rdtsc,0,run_001:phi-mini-expert.log,/home/classified56/llama.cpp/phi-mini-expert.log,742,
prefill,10,6,6,0,rdtsc,0,run_001:phi-mini-expert.log,/home/classified56/llama.cpp/phi-mini-expert.log,743,0.0
prefill,10,7,6,0,rdtsc,0,run_001:phi-mini-expert.log,/home/classified56/llama.cpp/phi-mini-expert.log,744,0.0
prefill,10,8,15,0,rdtsc,0,run_001:phi-mini-expert.log,/home/classified56/llama.cpp/phi-mini-expert.log,745,0.0
prefill,10,9,5,0,rdtsc,0,run_001:phi-mini-expert.log,/home/classified56/llama.cpp/phi-mini-expert.log,746,0.0
prefill,10,10,1,0,rdtsc,0,run_001:phi-mini-expert.log,/home/classified56/llama.cpp/phi-mini-expert.log,747,0.0
prefill,10,11,0,0,rdtsc,0,run_001:phi-mini-expert.log,/home/classified56/llama.cpp/phi-mini-expert.log,748,
prefill,10,12,40,0,rdtsc,0,run_001:phi-mini-expert.log,/home/classified56/llama.cpp/phi-mini-expert.log,749,0.0
prefill,10,13,1,0,rdtsc,0,run_001:phi-mini-expert.log,/home/classified56/llama.cpp/phi-mini-expert.log,750,0.0
prefill,10,14,0,0,rdtsc,0,run_001:phi-mini-expert.log,/home/classified56/llama.cpp/phi-mini-expert.log,751,
prefill,10,15,8,0,rdtsc,0,run_001:phi-mini-expert.log,/home/classified56/llama.cpp/phi-mini-expert.log,752,0.0
prefill,11,0,2,0,rdtsc,0,run_001:phi-mini-expert.log,/home/classified56/llama.cpp/phi-mini-expert.log,753,0.0
prefill,11,1,1,0,rdtsc,0,run_001:phi-mini-expert.log,/home/classified56/llama.cpp/phi-mini-expert.log,754,0.0
prefill,11,2,2,0,rdtsc,0,run_001:phi-mini-expert.log,/home/classified56/llama.cpp/phi-mini-expert.log,755,0.0
prefill,11,3,1,0,rdtsc,0,run_001:phi-mini-expert.log,/home/classified56/llama.cpp/phi-mini-expert.log,756,0.0
prefill,11,4,7,0,rdtsc,0,run_001:phi-mini-expert.log,/home/classified56/llama.cpp/phi-mini-expert.log,757,0.0
prefill,11,5,6,0,rdtsc,0,run_001:phi-mini-expert.log,/home/classified56/llama.cpp/phi-mini-expert.log,758,0.0
prefill,11,6,1,0,rdtsc,0,run_001:phi-mini-expert.log,/home/classified56/llama.cpp/phi-mini-expert.log,759,0.0
prefill,11,7,32,0,rdtsc,0,run_001:phi-mini-expert.log,/home/classified56/llama.cpp/phi-mini-expert.log,760,0.0
prefill,11,8,0,0,rdtsc,0,run_001:phi-mini-expert.log,/home/classified56/llama.cpp/phi-mini-expert.log,761,
prefill,11,9,0,0,rdtsc,0,run_001:phi-mini-expert.log,/home/classified56/llama.cpp/phi-mini-expert.log,762,
prefill,11,10,6,0,rdtsc,0,run_001:phi-mini-expert.log,/home/classified56/llama.cpp/phi-mini-expert.log,763,0.0
prefill,11,11,16,0,rdtsc,0,run_001:phi-mini-expert.log,/home/classified56/llama.cpp/phi-mini-expert.log,764,0.0
prefill,11,12,11,0,rdtsc,0,run_001:phi-mini-expert.log,/home/classified56/llama.cpp/phi-mini-expert.log,765,0.0
prefill,11,13,6,0,rdtsc,0,run_001:phi-mini-expert.log,/home/classified56/llama.cpp/phi-mini-expert.log,766,0.0
prefill,11,14,15,0,rdtsc,0,run_001:phi-mini-expert.log,/home/classified56/llama.cpp/phi-mini-expert.log,767,0.0
prefill,11,15,6,0,rdtsc,0,run_001:phi-mini-expert.log,/home/classified56/llama.cpp/phi-mini-expert.log,768,0.0
prefill,12,0,16,0,rdtsc,0,run_001:phi-mini-expert.log,/home/classified56/llama.cpp/phi-mini-expert.log,769,0.0
prefill,12,1,22,0,rdtsc,0,run_001:phi-mini-expert.log,/home/classified56/llama.cpp/phi-mini-expert.log,770,0.0
prefill,12,2,0,0,rdtsc,0,run_001:phi-mini-expert.log,/home/classified56/llama.cpp/phi-mini-expert.log,771,
prefill,12,3,4,0,rdtsc,0,run_001:phi-mini-expert.log,/home/classified56/llama.cpp/phi-mini-expert.log,772,0.0
prefill,12,4,7,0,rdtsc,0,run_001:phi-mini-expert.log,/home/classified56/llama.cpp/phi-mini-expert.log,773,0.0
prefill,12,5,8,0,rdtsc,0,run_001:phi-mini-expert.log,/home/classified56/llama.cpp/phi-mini-expert.log,774,0.0
prefill,12,6,0,0,rdtsc,0,run_001:phi-mini-expert.log,/home/classified56/llama.cpp/phi-mini-expert.log,775,
prefill,12,7,1,0,rdtsc,0,run_001:phi-mini-expert.log,/home/classified56/llama.cpp/phi-mini-expert.log,776,0.0
prefill,12,8,15,0,rdtsc,0,run_001:phi-mini-expert.log,/home/classified56/llama.cpp/phi-mini-expert.log,777,0.0
prefill,12,9,8,0,rdtsc,0,run_001:phi-mini-expert.log,/home/classified56/llama.cpp/phi-mini-expert.log,778,0.0
prefill,12,10,1,0,rdtsc,0,run_001:phi-mini-expert.log,/home/classified56/llama.cpp/phi-mini-expert.log,779,0.0
prefill,12,11,2,0,rdtsc,0,run_001:phi-mini-expert.log,/home/classified56/llama.cpp/phi-mini-expert.log,780,0.0
prefill,12,12,7,0,rdtsc,0,run_001:phi-mini-expert.log,/home/classified56/llama.cpp/phi-mini-expert.log,781,0.0
prefill,12,13,3,0,rdtsc,0,run_001:phi-mini-expert.log,/home/classified56/llama.cpp/phi-mini-expert.log,782,0.0
prefill,12,14,7,0,rdtsc,0,run_001:phi-mini-expert.log,/home/classified56/llama.cpp/phi-mini-expert.log,783,0.0
prefill,12,15,11,0,rdtsc,0,run_001:phi-mini-expert.log,/home/classified56/llama.cpp/phi-mini-expert.log,784,0.0
prefill,13,0,7,0,rdtsc,0,run_001:phi-mini-expert.log,/home/classified56/llama.cpp/phi-mini-expert.log,785,0.0
prefill,13,1,0,0,rdtsc,0,run_001:phi-mini-expert.log,/home/classified56/llama.cpp/phi-mini-expert.log,786,
prefill,13,2,1,0,rdtsc,0,run_001:phi-mini-expert.log,/home/classified56/llama.cpp/phi-mini-expert.log,787,0.0
prefill,13,3,16,0,rdtsc,0,run_001:phi-mini-expert.log,/home/classified56/llama.cpp/phi-mini-expert.log,788,0.0
prefill,13,4,0,0,rdtsc,0,run_001:phi-mini-expert.log,/home/classified56/llama.cpp/phi-mini-expert.log,789,
prefill,13,5,7,0,rdtsc,0,run_001:phi-mini-expert.log,/home/classified56/llama.cpp/phi-mini-expert.log,790,0.0
prefill,13,6,2,0,rdtsc,0,run_001:phi-mini-expert.log,/home/classified56/llama.cpp/phi-mini-expert.log,791,0.0
prefill,13,7,0,0,rdtsc,0,run_001:phi-mini-expert.log,/home/classified56/llama.cpp/phi-mini-expert.log,792,
prefill,13,8,0,0,rdtsc,0,run_001:phi-mini-expert.log,/home/classified56/llama.cpp/phi-mini-expert.log,793,
prefill,13,9,0,0,rdtsc,0,run_001:phi-mini-expert.log,/home/classified56/llama.cpp/phi-mini-expert.log,794,
prefill,13,10,0,0,rdtsc,0,run_001:phi-mini-expert.log,/home/classified56/llama.cpp/phi-mini-expert.log,795,
prefill,13,11,20,0,rdtsc,0,run_001:phi-mini-expert.log,/home/classified56/llama.cpp/phi-mini-expert.log,796,0.0
prefill,13,12,8,0,rdtsc,0,run_001:phi-mini-expert.log,/home/classified56/llama.cpp/phi-mini-expert.log,797,0.0
prefill,13,13,11,0,rdtsc,0,run_001:phi-mini-expert.log,/home/classified56/llama.cpp/phi-mini-expert.log,798,0.0
prefill,13,14,5,0,rdtsc,0,run_001:phi-mini-expert.log,/home/classified56/llama.cpp/phi-mini-expert.log,799,0.0
prefill,13,15,35,0,rdtsc,0,run_001:phi-mini-expert.log,/home/classified56/llama.cpp/phi-mini-expert.log,800,0.0
prefill,14,0,4,0,rdtsc,0,run_001:phi-mini-expert.log,/home/classified56/llama.cpp/phi-mini-expert.log,801,0.0
prefill,14,1,2,0,rdtsc,0,run_001:phi-mini-expert.log,/home/classified56/llama.cpp/phi-mini-expert.log,802,0.0
prefill,14,2,3,0,rdtsc,0,run_001:phi-mini-expert.log,/home/classified56/llama.cpp/phi-mini-expert.log,803,0.0
prefill,14,3,9,0,rdtsc,0,run_001:phi-mini-expert.log,/home/classified56/llama.cpp/phi-mini-expert.log,804,0.0
prefill,14,4,8,0,rdtsc,0,run_001:phi-mini-expert.log,/home/classified56/llama.cpp/phi-mini-expert.log,805,0.0
prefill,14,5,0,0,rdtsc,0,run_001:phi-mini-expert.log,/home/classified56/llama.cpp/phi-mini-expert.log,806,
prefill,14,6,3,0,rdtsc,0,run_001:phi-mini-expert.log,/home/classified56/llama.cpp/phi-mini-expert.log,807,0.0
prefill,14,7,1,0,rdtsc,0,run_001:phi-mini-expert.log,/home/classified56/llama.cpp/phi-mini-expert.log,808,0.0
prefill,14,8,12,0,rdtsc,0,run_001:phi-mini-expert.log,/home/classified56/llama.cpp/phi-mini-expert.log,809,0.0
prefill,14,9,4,0,rdtsc,0,run_001:phi-mini-expert.log,/home/classified56/llama.cpp/phi-mini-expert.log,810,0.0
prefill,14,10,2,0,rdtsc,0,run_001:phi-mini-expert.log,/home/classified56/llama.cpp/phi-mini-expert.log,811,0.0
prefill,14,11,34,0,rdtsc,0,run_001:phi-mini-expert.log,/home/classified56/llama.cpp/phi-mini-expert.log,812,0.0
prefill,14,12,8,0,rdtsc,0,run_001:phi-mini-expert.log,/home/classified56/llama.cpp/phi-mini-expert.log,813,0.0
prefill,14,13,1,0,rdtsc,0,run_001:phi-mini-expert.log,/home/classified56/llama.cpp/phi-mini-expert.log,814,0.0
prefill,14,14,11,0,rdtsc,0,run_001:phi-mini-expert.log,/home/classified56/llama.cpp/phi-mini-expert.log,815,0.0
prefill,14,15,10,0,rdtsc,0,run_001:phi-mini-expert.log,/home/classified56/llama.cpp/phi-mini-expert.log,816,0.0
prefill,15,0,17,0,rdtsc,0,run_001:phi-mini-expert.log,/home/classified56/llama.cpp/phi-mini-expert.log,817,0.0
prefill,15,1,13,0,rdtsc,0,run_001:phi-mini-expert.log,/home/classified56/llama.cpp/phi-mini-expert.log,818,0.0
prefill,15,2,7,0,rdtsc,0,run_001:phi-mini-expert.log,/home/classified56/llama.cpp/phi-mini-expert.log,819,0.0
prefill,15,3,2,0,rdtsc,0,run_001:phi-mini-expert.log,/home/classified56/llama.cpp/phi-mini-expert.log,820,0.0
prefill,15,4,3,0,rdtsc,0,run_001:phi-mini-expert.log,/home/classified56/llama.cpp/phi-mini-expert.log,821,0.0
prefill,15,5,3,0,rdtsc,0,run_001:phi-mini-expert.log,/home/classified56/llama.cpp/phi-mini-expert.log,822,0.0
prefill,15,6,0,0,rdtsc,0,run_001:phi-mini-expert.log,/home/classified56/llama.cpp/phi-mini-expert.log,823,
prefill,15,7,5,0,rdtsc,0,run_001:phi-mini-expert.log,/home/classified56/llama.cpp/phi-mini-expert.log,824,0.0
prefill,15,8,0,0,rdtsc,0,run_001:phi-mini-expert.log,/home/classified56/llama.cpp/phi-mini-expert.log,825,
prefill,15,9,3,0,rdtsc,0,run_001:phi-mini-expert.log,/home/classified56/llama.cpp/phi-mini-expert.log,826,0.0
prefill,15,10,9,0,rdtsc,0,run_001:phi-mini-expert.log,/home/classified56/llama.cpp/phi-mini-expert.log,827,0.0
prefill,15,11,5,0,rdtsc,0,run_001:phi-mini-expert.log,/home/classified56/llama.cpp/phi-mini-expert.log,828,0.0
prefill,15,12,2,0,rdtsc,0,run_001:phi-mini-expert.log,/home/classified56/llama.cpp/phi-mini-expert.log,829,0.0
prefill,15,13,3,0,rdtsc,0,run_001:phi-mini-expert.log,/home/classified56/llama.cpp/phi-mini-expert.log,830,0.0
prefill,15,14,40,0,rdtsc,0,run_001:phi-mini-expert.log,/home/classified56/llama.cpp/phi-mini-expert.log,831,0.0
prefill,15,15,0,0,rdtsc,0,run_001:phi-mini-expert.log,/home/classified56/llama.cpp/phi-mini-expert.log,832,
prefill,16,0,22,0,rdtsc,0,run_001:phi-mini-expert.log,/home/classified56/llama.cpp/phi-mini-expert.log,833,0.0
prefill,16,1,5,0,rdtsc,0,run_001:phi-mini-expert.log,/home/classified56/llama.cpp/phi-mini-expert.log,834,0.0
prefill,16,2,1,0,rdtsc,0,run_001:phi-mini-expert.log,/home/classified56/llama.cpp/phi-mini-expert.log,835,0.0
prefill,16,3,1,0,rdtsc,0,run_001:phi-mini-expert.log,/home/classified56/llama.cpp/phi-mini-expert.log,836,0.0
prefill,16,4,2,0,rdtsc,0,run_001:phi-mini-expert.log,/home/classified56/llama.cpp/phi-mini-expert.log,837,0.0
prefill,16,5,9,0,rdtsc,0,run_001:phi-mini-expert.log,/home/classified56/llama.cpp/phi-mini-expert.log,838,0.0
prefill,16,6,1,0,rdtsc,0,run_001:phi-mini-expert.log,/home/classified56/llama.cpp/phi-mini-expert.log,839,0.0
prefill,16,7,6,0,rdtsc,0,run_001:phi-mini-expert.log,/home/classified56/llama.cpp/phi-mini-expert.log,840,0.0
prefill,16,8,7,0,rdtsc,0,run_001:phi-mini-expert.log,/home/classified56/llama.cpp/phi-mini-expert.log,841,0.0
prefill,16,9,3,0,rdtsc,0,run_001:phi-mini-expert.log,/home/classified56/llama.cpp/phi-mini-expert.log,842,0.0
prefill,16,10,13,0,rdtsc,0,run_001:phi-mini-expert.log,/home/classified56/llama.cpp/phi-mini-expert.log,843,0.0
prefill,16,11,7,0,rdtsc,0,run_001:phi-mini-expert.log,/home/classified56/llama.cpp/phi-mini-expert.log,844,0.0
prefill,16,12,26,0,rdtsc,0,run_001:phi-mini-expert.log,/home/classified56/llama.cpp/phi-mini-expert.log,845,0.0
prefill,16,13,0,0,rdtsc,0,run_001:phi-mini-expert.log,/home/classified56/llama.cpp/phi-mini-expert.log,846,
prefill,16,14,1,0,rdtsc,0,run_001:phi-mini-expert.log,/home/classified56/llama.cpp/phi-mini-expert.log,847,0.0
prefill,16,15,8,0,rdtsc,0,run_001:phi-mini-expert.log,/home/classified56/llama.cpp/phi-mini-expert.log,848,0.0
prefill,17,0,5,0,rdtsc,0,run_001:phi-mini-expert.log,/home/classified56/llama.cpp/phi-mini-expert.log,849,0.0
prefill,17,1,5,0,rdtsc,0,run_001:phi-mini-expert.log,/home/classified56/llama.cpp/phi-mini-expert.log,850,0.0
prefill,17,2,1,0,rdtsc,0,run_001:phi-mini-expert.log,/home/classified56/llama.cpp/phi-mini-expert.log,851,0.0
prefill,17,3,32,0,rdtsc,0,run_001:phi-mini-expert.log,/home/classified56/llama.cpp/phi-mini-expert.log,852,0.0
prefill,17,4,3,0,rdtsc,0,run_001:phi-mini-expert.log,/home/classified56/llama.cpp/phi-mini-expert.log,853,0.0
prefill,17,5,1,0,rdtsc,0,run_001:phi-mini-expert.log,/home/classified56/llama.cpp/phi-mini-expert.log,854,0.0
prefill,17,6,1,0,rdtsc,0,run_001:phi-mini-expert.log,/home/classified56/llama.cpp/phi-mini-expert.log,855,0.0
prefill,17,7,18,0,rdtsc,0,run_001:phi-mini-expert.log,/home/classified56/llama.cpp/phi-mini-expert.log,856,0.0
prefill,17,8,1,0,rdtsc,0,run_001:phi-mini-expert.log,/home/classified56/llama.cpp/phi-mini-expert.log,857,0.0
prefill,17,9,2,0,rdtsc,0,run_001:phi-mini-expert.log,/home/classified56/llama.cpp/phi-mini-expert.log,858,0.0
prefill,17,10,0,0,rdtsc,0,run_001:phi-mini-expert.log,/home/classified56/llama.cpp/phi-mini-expert.log,859,
prefill,17,11,2,0,rdtsc,0,run_001:phi-mini-expert.log,/home/classified56/llama.cpp/phi-mini-expert.log,860,0.0
prefill,17,12,8,0,rdtsc,0,run_001:phi-mini-expert.log,/home/classified56/llama.cpp/phi-mini-expert.log,861,0.0
prefill,17,13,3,0,rdtsc,0,run_001:phi-mini-expert.log,/home/classified56/llama.cpp/phi-mini-expert.log,862,0.0
prefill,17,14,10,0,rdtsc,0,run_001:phi-mini-expert.log,/home/classified56/llama.cpp/phi-mini-expert.log,863,0.0
prefill,17,15,20,0,rdtsc,0,run_001:phi-mini-expert.log,/home/classified56/llama.cpp/phi-mini-expert.log,864,0.0
prefill,18,0,2,0,rdtsc,0,run_001:phi-mini-expert.log,/home/classified56/llama.cpp/phi-mini-expert.log,865,0.0
prefill,18,1,0,0,rdtsc,0,run_001:phi-mini-expert.log,/home/classified56/llama.cpp/phi-mini-expert.log,866,
prefill,18,2,1,0,rdtsc,0,run_001:phi-mini-expert.log,/home/classified56/llama.cpp/phi-mini-expert.log,867,0.0
prefill,18,3,1,0,rdtsc,0,run_001:phi-mini-expert.log,/home/classified56/llama.cpp/phi-mini-expert.log,868,0.0
prefill,18,4,6,0,rdtsc,0,run_001:phi-mini-expert.log,/home/classified56/llama.cpp/phi-mini-expert.log,869,0.0
prefill,18,5,10,0,rdtsc,0,run_001:phi-mini-expert.log,/home/classified56/llama.cpp/phi-mini-expert.log,870,0.0
prefill,18,6,0,0,rdtsc,0,run_001:phi-mini-expert.log,/home/classified56/llama.cpp/phi-mini-expert.log,871,
prefill,18,7,1,0,rdtsc,0,run_001:phi-mini-expert.log,/home/classified56/llama.cpp/phi-mini-expert.log,872,0.0
prefill,18,8,3,0,rdtsc,0,run_001:phi-mini-expert.log,/home/classified56/llama.cpp/phi-mini-expert.log,873,0.0
prefill,18,9,6,0,rdtsc,0,run_001:phi-mini-expert.log,/home/classified56/llama.cpp/phi-mini-expert.log,874,0.0
prefill,18,10,28,0,rdtsc,0,run_001:phi-mini-expert.log,/home/classified56/llama.cpp/phi-mini-expert.log,875,0.0
prefill,18,11,5,0,rdtsc,0,run_001:phi-mini-expert.log,/home/classified56/llama.cpp/phi-mini-expert.log,876,0.0
prefill,18,12,5,0,rdtsc,0,run_001:phi-mini-expert.log,/home/classified56/llama.cpp/phi-mini-expert.log,877,0.0
prefill,18,13,31,0,rdtsc,0,run_001:phi-mini-expert.log,/home/classified56/llama.cpp/phi-mini-expert.log,878,0.0
prefill,18,14,1,0,rdtsc,0,run_001:phi-mini-expert.log,/home/classified56/llama.cpp/phi-mini-expert.log,879,0.0
prefill,18,15,12,0,rdtsc,0,run_001:phi-mini-expert.log,/home/classified56/llama.cpp/phi-mini-expert.log,880,0.0
prefill,19,0,8,0,rdtsc,0,run_001:phi-mini-expert.log,/home/classified56/llama.cpp/phi-mini-expert.log,881,0.0
prefill,19,1,3,0,rdtsc,0,run_001:phi-mini-expert.log,/home/classified56/llama.cpp/phi-mini-expert.log,882,0.0
prefill,19,2,0,0,rdtsc,0,run_001:phi-mini-expert.log,/home/classified56/llama.cpp/phi-mini-expert.log,883,
prefill,19,3,1,0,rdtsc,0,run_001:phi-mini-expert.log,/home/classified56/llama.cpp/phi-mini-expert.log,884,0.0
prefill,19,4,0,0,rdtsc,0,run_001:phi-mini-expert.log,/home/classified56/llama.cpp/phi-mini-expert.log,885,
prefill,19,5,12,0,rdtsc,0,run_001:phi-mini-expert.log,/home/classified56/llama.cpp/phi-mini-expert.log,886,0.0
prefill,19,6,15,0,rdtsc,0,run_001:phi-mini-expert.log,/home/classified56/llama.cpp/phi-mini-expert.log,887,0.0
prefill,19,7,24,0,rdtsc,0,run_001:phi-mini-expert.log,/home/classified56/llama.cpp/phi-mini-expert.log,888,0.0
prefill,19,8,0,0,rdtsc,0,run_001:phi-mini-expert.log,/home/classified56/llama.cpp/phi-mini-expert.log,889,
prefill,19,9,3,0,rdtsc,0,run_001:phi-mini-expert.log,/home/classified56/llama.cpp/phi-mini-expert.log,890,0.0
prefill,19,10,1,0,rdtsc,0,run_001:phi-mini-expert.log,/home/classified56/llama.cpp/phi-mini-expert.log,891,0.0
prefill,19,11,4,0,rdtsc,0,run_001:phi-mini-expert.log,/home/classified56/llama.cpp/phi-mini-expert.log,892,0.0
prefill,19,12,27,0,rdtsc,0,run_001:phi-mini-expert.log,/home/classified56/llama.cpp/phi-mini-expert.log,893,0.0
prefill,19,13,7,0,rdtsc,0,run_001:phi-mini-expert.log,/home/classified56/llama.cpp/phi-mini-expert.log,894,0.0
prefill,19,14,6,0,rdtsc,0,run_001:phi-mini-expert.log,/home/classified56/llama.cpp/phi-mini-expert.log,895,0.0
prefill,19,15,1,0,rdtsc,0,run_001:phi-mini-expert.log,/home/classified56/llama.cpp/phi-mini-expert.log,896,0.0
prefill,20,0,0,0,rdtsc,0,run_001:phi-mini-expert.log,/home/classified56/llama.cpp/phi-mini-expert.log,897,
prefill,20,1,3,0,rdtsc,0,run_001:phi-mini-expert.log,/home/classified56/llama.cpp/phi-mini-expert.log,898,0.0
prefill,20,2,2,0,rdtsc,0,run_001:phi-mini-expert.log,/home/classified56/llama.cpp/phi-mini-expert.log,899,0.0
prefill,20,3,8,0,rdtsc,0,run_001:phi-mini-expert.log,/home/classified56/llama.cpp/phi-mini-expert.log,900,0.0
prefill,20,4,7,0,rdtsc,0,run_001:phi-mini-expert.log,/home/classified56/llama.cpp/phi-mini-expert.log,901,0.0
prefill,20,5,2,0,rdtsc,0,run_001:phi-mini-expert.log,/home/classified56/llama.cpp/phi-mini-expert.log,902,0.0
prefill,20,6,26,0,rdtsc,0,run_001:phi-mini-expert.log,/home/classified56/llama.cpp/phi-mini-expert.log,903,0.0
prefill,20,7,0,0,rdtsc,0,run_001:phi-mini-expert.log,/home/classified56/llama.cpp/phi-mini-expert.log,904,
prefill,20,8,2,0,rdtsc,0,run_001:phi-mini-expert.log,/home/classified56/llama.cpp/phi-mini-expert.log,905,0.0
prefill,20,9,0,0,rdtsc,0,run_001:phi-mini-expert.log,/home/classified56/llama.cpp/phi-mini-expert.log,906,
prefill,20,10,7,0,rdtsc,0,run_001:phi-mini-expert.log,/home/classified56/llama.cpp/phi-mini-expert.log,907,0.0
prefill,20,11,2,0,rdtsc,0,run_001:phi-mini-expert.log,/home/classified56/llama.cpp/phi-mini-expert.log,908,0.0
prefill,20,12,6,0,rdtsc,0,run_001:phi-mini-expert.log,/home/classified56/llama.cpp/phi-mini-expert.log,909,0.0
prefill,20,13,17,0,rdtsc,0,run_001:phi-mini-expert.log,/home/classified56/llama.cpp/phi-mini-expert.log,910,0.0
prefill,20,14,14,0,rdtsc,0,run_001:phi-mini-expert.log,/home/classified56/llama.cpp/phi-mini-expert.log,911,0.0
prefill,20,15,16,0,rdtsc,0,run_001:phi-mini-expert.log,/home/classified56/llama.cpp/phi-mini-expert.log,912,0.0
prefill,21,0,1,0,rdtsc,0,run_001:phi-mini-expert.log,/home/classified56/llama.cpp/phi-mini-expert.log,913,0.0
prefill,21,1,2,0,rdtsc,0,run_001:phi-mini-expert.log,/home/classified56/llama.cpp/phi-mini-expert.log,914,0.0
prefill,21,2,1,0,rdtsc,0,run_001:phi-mini-expert.log,/home/classified56/llama.cpp/phi-mini-expert.log,915,0.0
prefill,21,3,34,0,rdtsc,0,run_001:phi-mini-expert.log,/home/classified56/llama.cpp/phi-mini-expert.log,916,0.0
prefill,21,4,11,0,rdtsc,0,run_001:phi-mini-expert.log,/home/classified56/llama.cpp/phi-mini-expert.log,917,0.0
prefill,21,5,1,0,rdtsc,0,run_001:phi-mini-expert.log,/home/classified56/llama.cpp/phi-mini-expert.log,918,0.0
prefill,21,6,2,0,rdtsc,0,run_001:phi-mini-expert.log,/home/classified56/llama.cpp/phi-mini-expert.log,919,0.0
prefill,21,7,0,0,rdtsc,0,run_001:phi-mini-expert.log,/home/classified56/llama.cpp/phi-mini-expert.log,920,
prefill,21,8,1,0,rdtsc,0,run_001:phi-mini-expert.log,/home/classified56/llama.cpp/phi-mini-expert.log,921,0.0
prefill,21,9,29,0,rdtsc,0,run_001:phi-mini-expert.log,/home/classified56/llama.cpp/phi-mini-expert.log,922,0.0
prefill,21,10,2,0,rdtsc,0,run_001:phi-mini-expert.log,/home/classified56/llama.cpp/phi-mini-expert.log,923,0.0
prefill,21,11,0,0,rdtsc,0,run_001:phi-mini-expert.log,/home/classified56/llama.cpp/phi-mini-expert.log,924,
prefill,21,12,11,0,rdtsc,0,run_001:phi-mini-expert.log,/home/classified56/llama.cpp/phi-mini-expert.log,925,0.0
prefill,21,13,1,0,rdtsc,0,run_001:phi-mini-expert.log,/home/classified56/llama.cpp/phi-mini-expert.log,926,0.0
prefill,21,14,13,0,rdtsc,0,run_001:phi-mini-expert.log,/home/classified56/llama.cpp/phi-mini-expert.log,927,0.0
prefill,21,15,3,0,rdtsc,0,run_001:phi-mini-expert.log,/home/classified56/llama.cpp/phi-mini-expert.log,928,0.0
prefill,22,0,6,0,rdtsc,0,run_001:phi-mini-expert.log,/home/classified56/llama.cpp/phi-mini-expert.log,929,0.0
prefill,22,1,1,0,rdtsc,0,run_001:phi-mini-expert.log,/home/classified56/llama.cpp/phi-mini-expert.log,930,0.0
prefill,22,2,0,0,rdtsc,0,run_001:phi-mini-expert.log,/home/classified56/llama.cpp/phi-mini-expert.log,931,
prefill,22,3,6,0,rdtsc,0,run_001:phi-mini-expert.log,/home/classified56/llama.cpp/phi-mini-expert.log,932,0.0
prefill,22,4,9,0,rdtsc,0,run_001:phi-mini-expert.log,/home/classified56/llama.cpp/phi-mini-expert.log,933,0.0
prefill,22,5,2,0,rdtsc,0,run_001:phi-mini-expert.log,/home/classified56/llama.cpp/phi-mini-expert.log,934,0.0
prefill,22,6,18,0,rdtsc,0,run_001:phi-mini-expert.log,/home/classified56/llama.cpp/phi-mini-expert.log,935,0.0
prefill,22,7,40,0,rdtsc,0,run_001:phi-mini-expert.log,/home/classified56/llama.cpp/phi-mini-expert.log,936,0.0
prefill,22,8,2,0,rdtsc,0,run_001:phi-mini-expert.log,/home/classified56/llama.cpp/phi-mini-expert.log,937,0.0
prefill,22,9,7,0,rdtsc,0,run_001:phi-mini-expert.log,/home/classified56/llama.cpp/phi-mini-expert.log,938,0.0
prefill,22,10,0,0,rdtsc,0,run_001:phi-mini-expert.log,/home/classified56/llama.cpp/phi-mini-expert.log,939,
prefill,22,11,0,0,rdtsc,0,run_001:phi-mini-expert.log,/home/classified56/llama.cpp/phi-mini-expert.log,940,
prefill,22,12,2,0,rdtsc,0,run_001:phi-mini-expert.log,/home/classified56/llama.cpp/phi-mini-expert.log,941,0.0
prefill,22,13,0,0,rdtsc,0,run_001:phi-mini-expert.log,/home/classified56/llama.cpp/phi-mini-expert.log,942,
prefill,22,14,15,0,rdtsc,0,run_001:phi-mini-expert.log,/home/classified56/llama.cpp/phi-mini-expert.log,943,0.0
prefill,22,15,4,0,rdtsc,0,run_001:phi-mini-expert.log,/home/classified56/llama.cpp/phi-mini-expert.log,944,0.0
prefill,23,0,5,0,rdtsc,0,run_001:phi-mini-expert.log,/home/classified56/llama.cpp/phi-mini-expert.log,945,0.0
prefill,23,1,2,0,rdtsc,0,run_001:phi-mini-expert.log,/home/classified56/llama.cpp/phi-mini-expert.log,946,0.0
prefill,23,2,19,0,rdtsc,0,run_001:phi-mini-expert.log,/home/classified56/llama.cpp/phi-mini-expert.log,947,0.0
prefill,23,3,1,0,rdtsc,0,run_001:phi-mini-expert.log,/home/classified56/llama.cpp/phi-mini-expert.log,948,0.0
prefill,23,4,6,0,rdtsc,0,run_001:phi-mini-expert.log,/home/classified56/llama.cpp/phi-mini-expert.log,949,0.0
prefill,23,5,3,0,rdtsc,0,run_001:phi-mini-expert.log,/home/classified56/llama.cpp/phi-mini-expert.log,950,0.0
prefill,23,6,0,0,rdtsc,0,run_001:phi-mini-expert.log,/home/classified56/llama.cpp/phi-mini-expert.log,951,
prefill,23,7,10,0,rdtsc,0,run_001:phi-mini-expert.log,/home/classified56/llama.cpp/phi-mini-expert.log,952,0.0
prefill,23,8,4,0,rdtsc,0,run_001:phi-mini-expert.log,/home/classified56/llama.cpp/phi-mini-expert.log,953,0.0
prefill,23,9,4,0,rdtsc,0,run_001:phi-mini-expert.log,/home/classified56/llama.cpp/phi-mini-expert.log,954,0.0
prefill,23,10,9,0,rdtsc,0,run_001:phi-mini-expert.log,/home/classified56/llama.cpp/phi-mini-expert.log,955,0.0
prefill,23,11,1,0,rdtsc,0,run_001:phi-mini-expert.log,/home/classified56/llama.cpp/phi-mini-expert.log,956,0.0
prefill,23,12,18,0,rdtsc,0,run_001:phi-mini-expert.log,/home/classified56/llama.cpp/phi-mini-expert.log,957,0.0
prefill,23,13,12,0,rdtsc,0,run_001:phi-mini-expert.log,/home/classified56/llama.cpp/phi-mini-expert.log,958,0.0
prefill,23,14,9,0,rdtsc,0,run_001:phi-mini-expert.log,/home/classified56/llama.cpp/phi-mini-expert.log,959,0.0
prefill,23,15,9,0,rdtsc,0,run_001:phi-mini-expert.log,/home/classified56/llama.cpp/phi-mini-expert.log,960,0.0
prefill,24,0,0,0,rdtsc,0,run_001:phi-mini-expert.log,/home/classified56/llama.cpp/phi-mini-expert.log,961,
prefill,24,1,2,0,rdtsc,0,run_001:phi-mini-expert.log,/home/classified56/llama.cpp/phi-mini-expert.log,962,0.0
prefill,24,2,2,0,rdtsc,0,run_001:phi-mini-expert.log,/home/classified56/llama.cpp/phi-mini-expert.log,963,0.0
prefill,24,3,1,0,rdtsc,0,run_001:phi-mini-expert.log,/home/classified56/llama.cpp/phi-mini-expert.log,964,0.0
prefill,24,4,0,0,rdtsc,0,run_001:phi-mini-expert.log,/home/classified56/llama.cpp/phi-mini-expert.log,965,
prefill,24,5,19,0,rdtsc,0,run_001:phi-mini-expert.log,/home/classified56/llama.cpp/phi-mini-expert.log,966,0.0
prefill,24,6,20,0,rdtsc,0,run_001:phi-mini-expert.log,/home/classified56/llama.cpp/phi-mini-expert.log,967,0.0
prefill,24,7,25,0,rdtsc,0,run_001:phi-mini-expert.log,/home/classified56/llama.cpp/phi-mini-expert.log,968,0.0
prefill,24,8,3,0,rdtsc,0,run_001:phi-mini-expert.log,/home/classified56/llama.cpp/phi-mini-expert.log,969,0.0
prefill,24,9,6,0,rdtsc,0,run_001:phi-mini-expert.log,/home/classified56/llama.cpp/phi-mini-expert.log,970,0.0
prefill,24,10,1,0,rdtsc,0,run_001:phi-mini-expert.log,/home/classified56/llama.cpp/phi-mini-expert.log,971,0.0
prefill,24,11,6,0,rdtsc,0,run_001:phi-mini-expert.log,/home/classified56/llama.cpp/phi-mini-expert.log,972,0.0
prefill,24,12,2,0,rdtsc,0,run_001:phi-mini-expert.log,/home/classified56/llama.cpp/phi-mini-expert.log,973,0.0
prefill,24,13,2,0,rdtsc,0,run_001:phi-mini-expert.log,/home/classified56/llama.cpp/phi-mini-expert.log,974,0.0
prefill,24,14,6,0,rdtsc,0,run_001:phi-mini-expert.log,/home/classified56/llama.cpp/phi-mini-expert.log,975,0.0
prefill,24,15,17,0,rdtsc,0,run_001:phi-mini-expert.log,/home/classified56/llama.cpp/phi-mini-expert.log,976,0.0
prefill,25,0,13,0,rdtsc,0,run_001:phi-mini-expert.log,/home/classified56/llama.cpp/phi-mini-expert.log,977,0.0
prefill,25,1,3,0,rdtsc,0,run_001:phi-mini-expert.log,/home/classified56/llama.cpp/phi-mini-expert.log,978,0.0
prefill,25,2,0,0,rdtsc,0,run_001:phi-mini-expert.log,/home/classified56/llama.cpp/phi-mini-expert.log,979,
prefill,25,3,2,0,rdtsc,0,run_001:phi-mini-expert.log,/home/classified56/llama.cpp/phi-mini-expert.log,980,0.0
prefill,25,4,10,0,rdtsc,0,run_001:phi-mini-expert.log,/home/classified56/llama.cpp/phi-mini-expert.log,981,0.0
prefill,25,5,11,0,rdtsc,0,run_001:phi-mini-expert.log,/home/classified56/llama.cpp/phi-mini-expert.log,982,0.0
prefill,25,6,1,0,rdtsc,0,run_001:phi-mini-expert.log,/home/classified56/llama.cpp/phi-mini-expert.log,983,0.0
prefill,25,7,2,0,rdtsc,0,run_001:phi-mini-expert.log,/home/classified56/llama.cpp/phi-mini-expert.log,984,0.0
prefill,25,8,1,0,rdtsc,0,run_001:phi-mini-expert.log,/home/classified56/llama.cpp/phi-mini-expert.log,985,0.0
prefill,25,9,9,0,rdtsc,0,run_001:phi-mini-expert.log,/home/classified56/llama.cpp/phi-mini-expert.log,986,0.0
prefill,25,10,2,0,rdtsc,0,run_001:phi-mini-expert.log,/home/classified56/llama.cpp/phi-mini-expert.log,987,0.0
prefill,25,11,38,0,rdtsc,0,run_001:phi-mini-expert.log,/home/classified56/llama.cpp/phi-mini-expert.log,988,0.0
prefill,25,12,4,0,rdtsc,0,run_001:phi-mini-expert.log,/home/classified56/llama.cpp/phi-mini-expert.log,989,0.0
prefill,25,13,13,0,rdtsc,0,run_001:phi-mini-expert.log,/home/classified56/llama.cpp/phi-mini-expert.log,990,0.0
prefill,25,14,0,0,rdtsc,0,run_001:phi-mini-expert.log,/home/classified56/llama.cpp/phi-mini-expert.log,991,
prefill,25,15,3,0,rdtsc,0,run_001:phi-mini-expert.log,/home/classified56/llama.cpp/phi-mini-expert.log,992,0.0
prefill,26,0,23,0,rdtsc,0,run_001:phi-mini-expert.log,/home/classified56/llama.cpp/phi-mini-expert.log,993,0.0
prefill,26,1,1,0,rdtsc,0,run_001:phi-mini-expert.log,/home/classified56/llama.cpp/phi-mini-expert.log,994,0.0
prefill,26,2,11,0,rdtsc,0,run_001:phi-mini-expert.log,/home/classified56/llama.cpp/phi-mini-expert.log,995,0.0
prefill,26,3,11,0,rdtsc,0,run_001:phi-mini-expert.log,/home/classified56/llama.cpp/phi-mini-expert.log,996,0.0
prefill,26,4,0,0,rdtsc,0,run_001:phi-mini-expert.log,/home/classified56/llama.cpp/phi-mini-expert.log,997,
prefill,26,5,2,0,rdtsc,0,run_001:phi-mini-expert.log,/home/classified56/llama.cpp/phi-mini-expert.log,998,0.0
prefill,26,6,2,0,rdtsc,0,run_001:phi-mini-expert.log,/home/classified56/llama.cpp/phi-mini-expert.log,999,0.0
prefill,26,7,6,0,rdtsc,0,run_001:phi-mini-expert.log,/home/classified56/llama.cpp/phi-mini-expert.log,1000,0.0
prefill,26,8,1,0,rdtsc,0,run_001:phi-mini-expert.log,/home/classified56/llama.cpp/phi-mini-expert.log,1001,0.0
prefill,26,9,14,0,rdtsc,0,run_001:phi-mini-expert.log,/home/classified56/llama.cpp/phi-mini-expert.log,1002,0.0
prefill,26,10,6,0,rdtsc,0,run_001:phi-mini-expert.log,/home/classified56/llama.cpp/phi-mini-expert.log,1003,0.0
prefill,26,11,3,0,rdtsc,0,run_001:phi-mini-expert.log,/home/classified56/llama.cpp/phi-mini-expert.log,1004,0.0
prefill,26,12,25,0,rdtsc,0,run_001:phi-mini-expert.log,/home/classified56/llama.cpp/phi-mini-expert.log,1005,0.0
prefill,26,13,4,0,rdtsc,0,run_001:phi-mini-expert.log,/home/classified56/llama.cpp/phi-mini-expert.log,1006,0.0
prefill,26,14,0,0,rdtsc,0,run_001:phi-mini-expert.log,/home/classified56/llama.cpp/phi-mini-expert.log,1007,
prefill,26,15,3,0,rdtsc,0,run_001:phi-mini-expert.log,/home/classified56/llama.cpp/phi-mini-expert.log,1008,0.0
prefill,27,0,2,0,rdtsc,0,run_001:phi-mini-expert.log,/home/classified56/llama.cpp/phi-mini-expert.log,1009,0.0
prefill,27,1,1,0,rdtsc,0,run_001:phi-mini-expert.log,/home/classified56/llama.cpp/phi-mini-expert.log,1010,0.0
prefill,27,2,16,0,rdtsc,0,run_001:phi-mini-expert.log,/home/classified56/llama.cpp/phi-mini-expert.log,1011,0.0
prefill,27,3,0,0,rdtsc,0,run_001:phi-mini-expert.log,/home/classified56/llama.cpp/phi-mini-expert.log,1012,
prefill,27,4,16,0,rdtsc,0,run_001:phi-mini-expert.log,/home/classified56/llama.cpp/phi-mini-expert.log,1013,0.0
prefill,27,5,2,0,rdtsc,0,run_001:phi-mini-expert.log,/home/classified56/llama.cpp/phi-mini-expert.log,1014,0.0
prefill,27,6,2,0,rdtsc,0,run_001:phi-mini-expert.log,/home/classified56/llama.cpp/phi-mini-expert.log,1015,0.0
prefill,27,7,0,0,rdtsc,0,run_001:phi-mini-expert.log,/home/classified56/llama.cpp/phi-mini-expert.log,1016,
prefill,27,8,8,0,rdtsc,0,run_001:phi-mini-expert.log,/home/classified56/llama.cpp/phi-mini-expert.log,1017,0.0
prefill,27,9,13,0,rdtsc,0,run_001:phi-mini-expert.log,/home/classified56/llama.cpp/phi-mini-expert.log,1018,0.0
prefill,27,10,13,0,rdtsc,0,run_001:phi-mini-expert.log,/home/classified56/llama.cpp/phi-mini-expert.log,1019,0.0
prefill,27,11,24,0,rdtsc,0,run_001:phi-mini-expert.log,/home/classified56/llama.cpp/phi-mini-expert.log,1020,0.0
prefill,27,12,2,0,rdtsc,0,run_001:phi-mini-expert.log,/home/classified56/llama.cpp/phi-mini-expert.log,1021,0.0
prefill,27,13,1,0,rdtsc,0,run_001:phi-mini-expert.log,/home/classified56/llama.cpp/phi-mini-expert.log,1022,0.0
prefill,27,14,3,0,rdtsc,0,run_001:phi-mini-expert.log,/home/classified56/llama.cpp/phi-mini-expert.log,1023,0.0
prefill,27,15,9,0,rdtsc,0,run_001:phi-mini-expert.log,/home/classified56/llama.cpp/phi-mini-expert.log,1024,0.0
prefill,28,0,0,0,rdtsc,0,run_001:phi-mini-expert.log,/home/classified56/llama.cpp/phi-mini-expert.log,1025,
prefill,28,1,0,0,rdtsc,0,run_001:phi-mini-expert.log,/home/classified56/llama.cpp/phi-mini-expert.log,1026,
prefill,28,2,7,0,rdtsc,0,run_001:phi-mini-expert.log,/home/classified56/llama.cpp/phi-mini-expert.log,1027,0.0
prefill,28,3,14,0,rdtsc,0,run_001:phi-mini-expert.log,/home/classified56/llama.cpp/phi-mini-expert.log,1028,0.0
prefill,28,4,0,0,rdtsc,0,run_001:phi-mini-expert.log,/home/classified56/llama.cpp/phi-mini-expert.log,1029,
prefill,28,5,1,0,rdtsc,0,run_001:phi-mini-expert.log,/home/classified56/llama.cpp/phi-mini-expert.log,1030,0.0
prefill,28,6,0,0,rdtsc,0,run_001:phi-mini-expert.log,/home/classified56/llama.cpp/phi-mini-expert.log,1031,
prefill,28,7,2,0,rdtsc,0,run_001:phi-mini-expert.log,/home/classified56/llama.cpp/phi-mini-expert.log,1032,0.0
prefill,28,8,25,0,rdtsc,0,run_001:phi-mini-expert.log,/home/classified56/llama.cpp/phi-mini-expert.log,1033,0.0
prefill,28,9,23,0,rdtsc,0,run_001:phi-mini-expert.log,/home/classified56/llama.cpp/phi-mini-expert.log,1034,0.0
prefill,28,10,1,0,rdtsc,0,run_001:phi-mini-expert.log,/home/classified56/llama.cpp/phi-mini-expert.log,1035,0.0
prefill,28,11,13,0,rdtsc,0,run_001:phi-mini-expert.log,/home/classified56/llama.cpp/phi-mini-expert.log,1036,0.0
prefill,28,12,1,0,rdtsc,0,run_001:phi-mini-expert.log,/home/classified56/llama.cpp/phi-mini-expert.log,1037,0.0
prefill,28,13,10,0,rdtsc,0,run_001:phi-mini-expert.log,/home/classified56/llama.cpp/phi-mini-expert.log,1038,0.0
prefill,28,14,7,0,rdtsc,0,run_001:phi-mini-expert.log,/home/classified56/llama.cpp/phi-mini-expert.log,1039,0.0
prefill,28,15,8,0,rdtsc,0,run_001:phi-mini-expert.log,/home/classified56/llama.cpp/phi-mini-expert.log,1040,0.0
prefill,29,0,3,0,rdtsc,0,run_001:phi-mini-expert.log,/home/classified56/llama.cpp/phi-mini-expert.log,1041,0.0
prefill,29,1,2,0,rdtsc,0,run_001:phi-mini-expert.log,/home/classified56/llama.cpp/phi-mini-expert.log,1042,0.0
prefill,29,2,0,0,rdtsc,0,run_001:phi-mini-expert.log,/home/classified56/llama.cpp/phi-mini-expert.log,1043,
prefill,29,3,13,0,rdtsc,0,run_001:phi-mini-expert.log,/home/classified56/llama.cpp/phi-mini-expert.log,1044,0.0
prefill,29,4,18,0,rdtsc,0,run_001:phi-mini-expert.log,/home/classified56/llama.cpp/phi-mini-expert.log,1045,0.0
prefill,29,5,1,0,rdtsc,0,run_001:phi-mini-expert.log,/home/classified56/llama.cpp/phi-mini-expert.log,1046,0.0
prefill,29,6,4,0,rdtsc,0,run_001:phi-mini-expert.log,/home/classified56/llama.cpp/phi-mini-expert.log,1047,0.0
prefill,29,7,18,0,rdtsc,0,run_001:phi-mini-expert.log,/home/classified56/llama.cpp/phi-mini-expert.log,1048,0.0
prefill,29,8,5,0,rdtsc,0,run_001:phi-mini-expert.log,/home/classified56/llama.cpp/phi-mini-expert.log,1049,0.0
prefill,29,9,22,0,rdtsc,0,run_001:phi-mini-expert.log,/home/classified56/llama.cpp/phi-mini-expert.log,1050,0.0
prefill,29,10,11,0,rdtsc,0,run_001:phi-mini-expert.log,/home/classified56/llama.cpp/phi-mini-expert.log,1051,0.0
prefill,29,11,0,0,rdtsc,0,run_001:phi-mini-expert.log,/home/classified56/llama.cpp/phi-mini-expert.log,1052,
prefill,29,12,2,0,rdtsc,0,run_001:phi-mini-expert.log,/home/classified56/llama.cpp/phi-mini-expert.log,1053,0.0
prefill,29,13,1,0,rdtsc,0,run_001:phi-mini-expert.log,/home/classified56/llama.cpp/phi-mini-expert.log,1054,0.0
prefill,29,14,6,0,rdtsc,0,run_001:phi-mini-expert.log,/home/classified56/llama.cpp/phi-mini-expert.log,1055,0.0
prefill,29,15,6,0,rdtsc,0,run_001:phi-mini-expert.log,/home/classified56/llama.cpp/phi-mini-expert.log,1056,0.0
prefill,30,0,2,0,rdtsc,0,run_001:phi-mini-expert.log,/home/classified56/llama.cpp/phi-mini-expert.log,1057,0.0
prefill,30,1,3,0,rdtsc,0,run_001:phi-mini-expert.log,/home/classified56/llama.cpp/phi-mini-expert.log,1058,0.0
prefill,30,2,2,0,rdtsc,0,run_001:phi-mini-expert.log,/home/classified56/llama.cpp/phi-mini-expert.log,1059,0.0
prefill,30,3,7,0,rdtsc,0,run_001:phi-mini-expert.log,/home/classified56/llama.cpp/phi-mini-expert.log,1060,0.0
prefill,30,4,0,0,rdtsc,0,run_001:phi-mini-expert.log,/home/classified56/llama.cpp/phi-mini-expert.log,1061,
prefill,30,5,0,0,rdtsc,0,run_001:phi-mini-expert.log,/home/classified56/llama.cpp/phi-mini-expert.log,1062,
prefill,30,6,18,0,rdtsc,0,run_001:phi-mini-expert.log,/home/classified56/llama.cpp/phi-mini-expert.log,1063,0.0
prefill,30,7,0,0,rdtsc,0,run_001:phi-mini-expert.log,/home/classified56/llama.cpp/phi-mini-expert.log,1064,
prefill,30,8,12,0,rdtsc,0,run_001:phi-mini-expert.log,/home/classified56/llama.cpp/phi-mini-expert.log,1065,0.0
prefill,30,9,1,0,rdtsc,0,run_001:phi-mini-expert.log,/home/classified56/llama.cpp/phi-mini-expert.log,1066,0.0
prefill,30,10,3,0,rdtsc,0,run_001:phi-mini-expert.log,/home/classified56/llama.cpp/phi-mini-expert.log,1067,0.0
prefill,30,11,16,0,rdtsc,0,run_001:phi-mini-expert.log,/home/classified56/llama.cpp/phi-mini-expert.log,1068,0.0
prefill,30,12,25,0,rdtsc,0,run_001:phi-mini-expert.log,/home/classified56/llama.cpp/phi-mini-expert.log,1069,0.0
prefill,30,13,14,0,rdtsc,0,run_001:phi-mini-expert.log,/home/classified56/llama.cpp/phi-mini-expert.log,1070,0.0
prefill,30,14,3,0,rdtsc,0,run_001:phi-mini-expert.log,/home/classified56/llama.cpp/phi-mini-expert.log,1071,0.0
prefill,30,15,6,0,rdtsc,0,run_001:phi-mini-expert.log,/home/classified56/llama.cpp/phi-mini-expert.log,1072,0.0
prefill,31,0,0,0,rdtsc,0,run_001:phi-mini-expert.log,/home/classified56/llama.cpp/phi-mini-expert.log,1073,
prefill,31,1,1,0,rdtsc,0,run_001:phi-mini-expert.log,/home/classified56/llama.cpp/phi-mini-expert.log,1074,0.0
prefill,31,2,0,0,rdtsc,0,run_001:phi-mini-expert.log,/home/classified56/llama.cpp/phi-mini-expert.log,1075,
prefill,31,3,0,0,rdtsc,0,run_001:phi-mini-expert.log,/home/classified56/llama.cpp/phi-mini-expert.log,1076,
prefill,31,4,0,0,rdtsc,0,run_001:phi-mini-expert.log,/home/classified56/llama.cpp/phi-mini-expert.log,1077,
prefill,31,5,1,0,rdtsc,0,run_001:phi-mini-expert.log,/home/classified56/llama.cpp/phi-mini-expert.log,1078,0.0
prefill,31,6,0,0,rdtsc,0,run_001:phi-mini-expert.log,/home/classified56/llama.cpp/phi-mini-expert.log,1079,
prefill,31,7,0,0,rdtsc,0,run_001:phi-mini-expert.log,/home/classified56/llama.cpp/phi-mini-expert.log,1080,
prefill,31,8,0,0,rdtsc,0,run_001:phi-mini-expert.log,/home/classified56/llama.cpp/phi-mini-expert.log,1081,
prefill,31,9,0,0,rdtsc,0,run_001:phi-mini-expert.log,/home/classified56/llama.cpp/phi-mini-expert.log,1082,
prefill,31,10,0,0,rdtsc,0,run_001:phi-mini-expert.log,/home/classified56/llama.cpp/phi-mini-expert.log,1083,
prefill,31,11,0,0,rdtsc,0,run_001:phi-mini-expert.log,/home/classified56/llama.cpp/phi-mini-expert.log,1084,
prefill,31,12,0,0,rdtsc,0,run_001:phi-mini-expert.log,/home/classified56/llama.cpp/phi-mini-expert.log,1085,
prefill,31,13,0,0,rdtsc,0,run_001:phi-mini-expert.log,/home/classified56/llama.cpp/phi-mini-expert.log,1086,
prefill,31,14,0,0,rdtsc,0,run_001:phi-mini-expert.log,/home/classified56/llama.cpp/phi-mini-expert.log,1087,
prefill,31,15,0,0,rdtsc,0,run_001:phi-mini-expert.log,/home/classified56/llama.cpp/phi-mini-expert.log,1088,
